Date,AAPL,MSFT,JPM,XOM,JNJ,TLT
2021-03-04,150.0,280.0,140.0,100.0,160.0,95.0
2021-03-05,148.4880816657694,275.96908647654124,137.4295109315346,97.787753788621,158.91639403861123,95.44922302362849
2021-03-08,147.2997395392202,271.39654608146833,136.93856489262234,100.4503921607806,157.12639858617402,94.57802300089554
2021-03-09,147.61664235711183,271.6621417785514,139.9855552083143,102.7933672819203,157.9387815672342,95.65638418455224
2021-03-10,149.63658273696862,273.02423755958694,139.30798741289874,103.57673605623414,157.41108558993727,95.42542217182037
2021-03-11,151.8835256929347,279.6268613333663,139.91893655973433,101.60238373104059,156.21416536009775,95.68606975744886
2021-03-12,149.44058673286037,277.68632648938376,139.12724088144682,104.51484876076545,155.58039497845868,95.44423044244401
2021-03-15,149.79762752647437,277.61131096426107,138.57935431874452,105.37198606024754,154.46298774020042,94.14701199010459
2021-03-16,147.90064786611723,272.633093126123,139.61797557140096,107.32421563264728,154.61979473725435,93.86745580254622
2021-03-17,146.63745731418734,272.1280131161348,137.64261189009363,105.22428747648162,153.75056659039305,93.1745443096647
2021-03-18,146.57549920248974,275.3465844028341,137.93195296243567,106.13585705130042,153.06458887824425,91.80047134270126
2021-03-19,147.02129604299267,277.84717620131624,138.33325772633364,104.58506715921509,153.72612121556045,90.93019426194327
2021-03-22,149.2756667821945,281.7495753672836,134.86125061020064,103.42755976630951,152.17452613059618,90.50210133944898
2021-03-23,146.4250436684047,280.93421688576376,135.0518394886231,106.28427447888228,152.33424403268438,91.06304229120747
2021-03-24,147.8002963262029,281.3630744057017,136.71702597337853,107.52591678866561,153.99360645546486,91.02885580751789
2021-03-25,149.17283363920805,282.64005656483897,136.00108985979392,106.3213021073873,152.2759402861661,91.41919364057568
2021-03-26,150.06057399897918,279.99151242139703,136.0017478547054,105.63350073659491,151.55798269157796,91.46397212980263
2021-03-29,148.70488418705278,283.06733118204625,136.09749357930235,107.29258279760538,152.37197993662323,91.64153076625122
2021-03-30,148.22035860004343,283.05347790879733,134.12748487326365,107.67674713392529,152.11599290027934,89.85146604543083
2021-03-31,147.7099189380984,286.4975010654191,134.8633460764989,107.34052775635206,151.83560957070233,89.21523558355466
2021-04-01,144.16420258088954,283.26092454852017,136.55165239761448,107.18338690616153,152.74427065924826,88.3484735571939
2021-04-02,146.56863949418886,282.9298156627074,138.39935744824146,108.8272877060369,152.82361697194594,87.92869700217125
2021-04-05,150.2345596230241,285.8896589328684,137.51640181887873,109.7329327738003,153.63849608677006,88.02849933049103
2021-04-06,149.15016395580267,278.29784568640406,136.7371261745646,110.77124679297528,154.4622175984303,88.38833706347863
2021-04-07,148.96623082062135,280.60539493348415,135.9611416039312,109.63010358269302,152.51973839045343,87.57817540243201
2021-04-08,148.98188670926567,281.37372298547086,134.8813328944388,109.21315280918935,151.73954262086664,87.86671145401364
2021-04-09,147.05139072305502,275.2691848769158,131.52323194293726,107.10302143313835,150.71874941709308,87.48801603483717
2021-04-12,143.29315758576132,271.42622469275926,131.20648531124368,106.86820250732005,152.41525327312863,87.24682015286521
2021-04-13,143.15087484483612,271.48053851718095,131.54745234120276,108.35934670812092,151.4600319165658,86.5899103750139
2021-04-14,143.64861426857584,271.23851606869437,129.99964287886962,107.00267305097793,153.90276965785463,85.68048648725453
2021-04-15,142.22938369402388,268.10835607430045,128.56559301026383,108.00004184338934,153.59439936728563,85.27918918402328
2021-04-16,141.44017228261464,266.63135535086224,128.48319172206453,107.67941870253209,151.92026321021342,84.24838136821442
2021-04-19,140.74807157072144,262.63930205002976,128.78964737628843,109.2318920603092,152.33812264055837,84.32815946328756
2021-04-20,138.87980679778775,262.28542360005054,129.0173213251832,110.81990425332867,153.86217827597343,84.2512815955831
2021-04-21,139.7232015502161,265.1913994751006,130.59746165774942,113.37456871284513,157.63859154936955,82.6214513337492
2021-04-22,139.91101044853593,264.43537207436503,130.08782858368218,110.85091359131856,159.00197829292475,82.72672793516125
2021-04-23,139.84077758575663,270.46872857927053,130.34337882718816,112.3735596617218,158.4372637395967,83.62319180583661
2021-04-26,137.75549427825123,266.2058930638425,129.3003257837903,114.46416697792853,158.16672204611453,84.46412890544612
2021-04-27,139.90173780274085,269.8643022647612,129.03197309549813,114.53721719865085,157.7891598911133,84.52447016891325
2021-04-28,137.54516406734126,264.3792780602427,125.06527538166984,112.01371930691178,155.5942262302576,83.83160334400895
2021-04-29,139.91700399712062,264.3719451939019,125.87720485065726,112.95629037044846,156.81829980985276,84.15512898216922
2021-04-30,140.8553594079838,262.03891549215984,127.89185845370525,113.83579207771413,159.22220992721017,84.16833266557174
2021-05-03,137.43195588035252,260.50327731495764,124.56500101477192,110.64347692056764,156.2418834524856,84.34428088823381
2021-05-04,140.00966470696514,255.90078926124303,123.57181768755378,109.30708502258736,154.21763522874357,84.28261004446011
2021-05-05,139.16203838651802,253.85421112813393,126.54601367838244,110.6518394817783,154.5935336210134,84.25880548510366
2021-05-06,135.94165710059465,245.92363380490443,126.86221540499868,110.89061769556008,155.02663964158836,84.53121046178714
2021-05-07,134.93059196909667,244.8527427838731,127.2269757640045,111.50389604861911,155.1254087548555,84.20362123453826
2021-05-10,130.54475232543666,238.3413488202845,129.31351120726137,110.73989128066914,154.81502702594628,84.24158218978748
2021-05-11,129.8957762527059,236.14567851752992,129.51178898263828,111.33927854996769,154.571522390173,83.66259162154091
2021-05-12,128.13913722697535,235.1836470839855,129.9637247435413,111.78791305719083,155.88901533330815,83.86461409610577
2021-05-13,129.12476475039955,236.27376816492315,131.24774932597072,113.33616968991404,157.5539969496985,84.09905296537676
2021-05-14,126.54790211161121,231.79401540870205,130.91336862822735,112.6649156054789,157.82003863015706,83.86562743254224
2021-05-17,125.35132432313615,231.5112663863119,130.9479750474665,110.26034319396835,158.37647258044794,84.54399391279755
2021-05-18,125.21474410481137,229.25719357979855,130.44152341207553,110.0834209745909,159.88740910725923,83.72512007258462
2021-05-19,125.44092029089936,230.578531460105,132.29228431474564,112.6321825854655,162.59405280036103,83.94336104879217
2021-05-20,124.08724423028735,231.0026475564894,133.13398931587702,113.94542740196233,162.24786489780854,83.98646327276312
2021-05-21,125.5390050768494,231.5697260903295,134.91704956821084,115.06252289339184,162.63977511593143,83.66118004951632
2021-05-24,126.07537074130978,228.57363431586788,134.57753647534295,115.81298508689669,161.38799769217258,84.17705699852573
2021-05-25,126.8453472104823,231.06135945533967,134.6206963242711,117.09751430660366,163.3797340883407,84.74968687553022
2021-05-26,126.0080937301727,230.4491481394946,135.27591670392383,118.72708237510096,162.81357417492805,85.13529929809111
2021-05-27,126.17143933942127,232.33527310028515,133.81454712117306,115.95388583242723,162.61547675643385,85.50956658268741
2021-05-28,125.66875178115599,232.04006970403717,134.23718730186098,115.5685596016214,162.25103056712666,85.12986256600462
2021-05-31,123.1302093082957,230.46941230490455,134.85000422449096,111.7999253053385,162.80971572807996,85.70309848529867
2021-06-01,120.63515836267443,221.48230153350892,133.01315333810425,110.91916182106594,159.9147646790739,85.68775262105702
2021-06-02,121.76880811759624,224.53799559951437,132.72346229535088,111.72767389249165,162.02975622648023,86.58253789506492
2021-06-03,123.47421847209512,229.28333167897276,130.9877718292728,112.7245683357768,162.91614900861904,86.93920822096773
2021-06-04,128.61227577591612,233.15967125606159,131.4172295892773,112.69128864783632,164.20086909120369,87.10832414242165
2021-06-07,129.66196923640766,231.8995437656499,130.77096113812047,112.85519625838359,164.1731659980154,87.12954890729677
2021-06-08,130.49550823407102,230.1614662950659,131.96856299327223,111.48258469262512,164.25749157364237,86.24625301643634
2021-06-09,128.40125439126567,229.57029621447396,133.1528067178933,111.84001477628077,165.78103467387194,86.89299585092184
2021-06-10,126.21055607211952,227.69504629744327,129.58421179086963,107.36533741256073,166.12314243930211,86.74152400456417
2021-06-11,128.86319493732344,229.5694191246299,132.5250057382559,106.84902553618619,164.64864205652955,87.27001892603232
2021-06-14,128.82061781296412,233.19537840419946,133.72427801976065,105.8049608870383,165.5632158540705,88.51446326601553
2021-06-15,132.94737563626475,234.52689928115336,136.01275525827347,107.36515469902781,166.4891948914807,88.21532300088573
2021-06-16,136.00201173842422,238.28855438186437,138.1501139545635,107.5182697863451,166.00661568574137,88.3232665475883
2021-06-17,137.76722578678707,239.47506302823385,136.74287629341023,106.65709211480018,165.1032945732666,88.48993904886969
2021-06-18,135.59191706605972,241.70806284437325,137.4406403492631,108.34604595740231,164.0831708037539,88.20508066927938
2021-06-21,136.5053602288708,244.93574238017243,138.06271820821183,108.76833404209394,164.74318266830102,87.70279887400962
2021-06-22,137.46286977878273,243.84418463749483,140.31843576114514,109.80699165348739,163.45852098264524,86.09542744990978
2021-06-23,132.1380416559471,243.52291974003055,138.77030754471264,108.49007515286553,164.47447552062448,86.371421057396
2021-06-24,132.66577129873517,242.14622624880369,137.88517001869346,110.59673820088372,162.56085736291763,86.61308973413084
2021-06-25,132.67259806940885,241.60132775368734,139.87833432685477,112.37524917584913,166.01868631557724,86.5839126014809
2021-06-28,132.52407787228285,238.18350849098425,141.35834997254656,113.15175931118655,167.57405123874867,87.21266957058768
2021-06-29,134.0779813246924,235.94182482974009,142.51440891109382,116.04195025375448,170.7991571582181,87.54110260016283
2021-06-30,134.85149868211832,237.55392754908834,143.54158566059024,117.63680253878469,169.47072916647457,87.47428543370108
2021-07-01,134.59766920573873,236.30082718325738,143.8053645421193,117.35027512480961,168.72145823702027,86.77152680434118
2021-07-02,134.26652308474814,231.21035369548505,143.47501106342423,118.34496227560315,169.38294428996036,86.69808838716791
2021-07-05,136.82293225582305,232.07126163861435,144.73459655048296,118.13215664197142,167.2848453423443,85.68050397944342
2021-07-06,135.4348278313675,230.3767916289926,146.78696943504934,118.88994485546247,165.6072958577265,86.05334026769468
2021-07-07,136.1139974392896,234.013438749888,146.8904499021387,119.88314042107935,164.76874479096827,86.00132081489113
2021-07-08,135.8916289786603,226.58542402200555,146.3271371744705,120.75694616949504,165.30837994846698,86.86193356237395
2021-07-09,134.59535701305353,225.1468601445267,146.6744088524704,120.27426305705805,164.765133171225,86.98493451896914
2021-07-12,133.17633781347274,222.09006844913608,146.1105501395657,118.44674324949061,163.76686165442192,87.29759046627426
2021-07-13,132.09713580853406,221.49007848553774,144.62849200025053,118.98594645019527,165.6052166586641,88.30567674568645
2021-07-14,131.30934377738436,216.53466962949568,142.6353508822269,118.85555271883439,161.95169275436157,87.60589223563959
2021-07-15,132.35201096224284,219.91230551239934,142.46652228854708,116.24885203159305,160.83301875973925,88.76547696797411
2021-07-16,132.997266062268,221.2507290660991,139.75960014011878,115.56593365602974,160.28901653945192,88.92664018841566
2021-07-19,134.355859999579,222.16167074574437,138.3523656861046,111.47146886004592,159.67785208684163,89.4518566792558
2021-07-20,131.8439643399905,219.86464731195827,138.26927570806984,111.83810317592528,159.25340731415568,89.38384170398352
2021-07-21,129.8942198207207,216.49945957650104,137.97220342684534,111.48323733303512,157.89595711940152,88.96852590523346
2021-07-22,127.6369938728843,213.6328658180908,137.38586303724142,111.94499059369538,160.5307656087839,88.8816759455281
2021-07-23,128.1491742946906,215.16531504566527,136.01089869800253,115.44294404784398,160.95056780959683,88.83671283506389
2021-07-26,126.36457817361854,212.53966606069835,138.30214029260554,116.06262632024401,163.4547635862681,89.33533840751194
2021-07-27,124.69599134101627,214.37448418894914,136.50100554200654,115.60734092786146,164.02999932317732,88.83984650605169
2021-07-28,121.85566390769979,210.50106726274998,134.35430872508343,115.0117468148396,162.95541339390553,88.23961099910814
2021-07-29,126.46446869557082,215.30456015373983,135.77263768197957,114.5376096262851,162.23240188073808,88.4987298830007
2021-07-30,125.26630467693104,213.6904512162691,134.6960359725389,113.7571798629717,160.5692339837169,87.01710612706283
2021-08-02,126.3329725572951,209.15585162262678,135.83994173319857,116.25294266765069,160.0027371762712,86.6508072980498
2021-08-03,127.57840990302283,209.6506075926423,136.81725382729505,115.04849401713861,161.92462796817898,87.96330840564364
2021-08-04,123.46725927642417,204.26310321441608,134.3515338409737,112.30029637389424,160.53082060707774,88.43541919346546
2021-08-05,124.36724301796781,204.20751298398773,135.58416655318214,113.63780483709925,160.3913209607676,88.09301795929439
2021-08-06,126.09197400272443,208.98781949141394,132.1671734445391,112.88223473382183,158.26225609719464,88.71314526484296
2021-08-09,127.01612059786774,208.48430982927687,132.0234687653426,114.05459619814727,157.55171848114742,87.0675642685124
2021-08-10,126.55666130075137,207.32583188749737,132.11635564841333,110.75498811087361,156.87200284403605,86.7639990785733
2021-08-11,128.59650591086435,212.07941650506405,133.01172942101624,111.02495222095614,157.35593969613612,86.25999149177028
2021-08-12,130.1434142266967,215.5106715403788,131.57125186001193,110.21111565739412,157.08419431304597,86.25756979199276
2021-08-13,128.7235801558923,212.29465727528893,132.7316384521396,111.34622984661738,158.12848085004214,86.01180022255569
2021-08-16,129.84506135490687,210.9292503948451,132.2996532734959,114.63119747795604,158.68306445207222,84.72912803484773
2021-08-17,134.9685281567675,217.16501090360214,133.96930905560467,114.16006007367383,159.95699087130183,84.18290396337426
2021-08-18,136.32830900106995,218.26544190945393,133.67947971282214,112.54851682612346,160.09528436619883,84.21713085611067
2021-08-19,134.74612504705343,216.02200171122365,132.42156629274209,115.37940706569415,159.5423219175394,84.26563366386941
2021-08-20,135.01423377052188,217.16302995738877,132.40130419841293,114.99680852881207,157.95001338729807,84.38752953538163
2021-08-23,132.61181086248524,214.04439723516919,133.24630499796294,116.87746934628969,159.6897254644459,84.49251356621758
2021-08-24,131.22601442799993,211.55241940550337,130.62909869973595,113.98849897001953,156.15424090074492,83.76295041880346
2021-08-25,130.2741716958604,208.94463195832944,131.255000956682,114.45017807119298,154.64945428869174,84.31796289201822
2021-08-26,131.48041798810888,208.2949055308465,131.14936858368839,117.81217064048387,156.64335211462077,82.93050742941732
2021-08-27,131.5754392621941,206.9559017345355,129.53088637755715,117.40535621765076,156.3093305284798,82.84681004343265
2021-08-30,126.81941986286617,200.8461960396846,128.61538200987462,114.25882909426696,156.33869795638955,82.5091005279787
2021-08-31,128.57927561954796,205.08264250181563,129.43587276706802,111.88405164660561,157.3229465574624,82.02861736478673
2021-09-01,126.4518389497241,202.0621914784638,129.0333171339274,113.777821855458,156.69091609297786,81.62262801601754
2021-09-02,124.77774678564522,200.64096567551456,129.25957314973823,115.5722410497172,158.20878096026624,81.5275031556047
2021-09-03,123.29177743007338,200.27580222344386,129.33925075755263,113.82146969557138,156.5279726151892,81.12254416798673
2021-09-06,122.30191694086486,198.38310717407938,128.0040772319408,115.97627649030821,156.89404206916527,80.88981648205423
2021-09-07,122.11557508293953,198.42712323637213,129.15730779887272,115.5733122594666,157.00595360517585,81.23805641612677
2021-09-08,121.81791294704529,200.69323469013798,130.1496040841822,116.49797178196194,156.76371256047352,81.66288708715095
2021-09-09,121.19586798840673,201.5910728612652,131.6233458307013,117.06646679091374,157.57724952475644,82.88584110563895
2021-09-10,121.90201392052037,201.3018637160162,130.456011858291,115.48609856020113,159.0921413525835,82.51052091169274
2021-09-13,117.60608845475336,197.85243936559078,127.04460546546325,114.11134436558454,158.74710330281715,83.51170399931208
2021-09-14,118.82827975388162,197.9040768152182,127.17968036348731,115.32555013551158,156.61334344718756,83.11822963334053
2021-09-15,118.13507555192923,199.27185719636705,129.03035368512877,114.42922583029662,157.09401838292976,83.46825155575245
2021-09-16,118.87076104143087,200.74285256187707,127.64952316639517,113.91938320365786,156.84578936696525,83.033032616484
2021-09-17,120.77709333333117,202.67601550784377,126.42303656499627,110.10424999922948,155.25724064384062,82.88229837166227
2021-09-20,122.86361234844765,204.24237395636226,128.22502285400805,108.46222633804689,156.35577393440886,82.70219326678078
2021-09-21,122.76581620596666,208.3533696033974,129.47592289484024,107.85209328587224,156.7654833475825,81.58289862176883
2021-09-22,122.8733890896975,209.9843640957958,130.12992011596427,108.93819133776518,158.858794815512,80.8359961668707
2021-09-23,122.50697709419727,209.9301375468981,129.8813773007066,110.55822440528233,158.32299972155838,79.47536397421727
2021-09-24,122.2579138951675,214.59247882354674,129.3306322596665,111.09690998667394,159.67229415206796,80.18875989543474
2021-09-27,123.81959835998597,217.46319781459528,128.7983886062449,110.18186700294002,161.90698531478316,80.98225718622552
2021-09-28,122.99351124744527,218.63160873914921,128.11617522957366,107.81045412733496,163.49859666731342,80.96016104475895
2021-09-29,120.82149127715842,218.00540609009352,126.35039449508186,105.72291785270782,162.4570159493415,81.61471655176673
2021-09-30,120.17037657442162,216.80232096909342,125.41774190999543,106.12105694950382,163.50847107185757,82.03510233234779
2021-10-01,123.35328336041098,220.12331073287663,125.6243795881929,106.50099278968608,166.73122034843817,82.46269398500984
2021-10-04,123.92374995602596,222.50025579458548,124.56589373400519,104.16314370042764,166.90969578070525,82.47812784298229
2021-10-05,124.4832989305539,224.01450050839344,126.48709721553251,103.93047593831277,166.81172244935368,82.77644352236065
2021-10-06,120.68551178750494,221.49804187065,125.17402630509179,105.20591212929932,166.35651947861993,83.13516556388315
2021-10-07,122.6030636600636,226.87392330098828,125.21121952527439,103.35989786838086,163.2150634185661,82.29323659377422
2021-10-08,125.36729685656603,228.6761856717731,126.56834367203267,103.15991314216213,163.80337763631147,81.53332071277559
2021-10-11,124.91984566622708,224.56123699182285,128.46195332068234,101.98916854491452,163.49814037681813,82.01848556842211
2021-10-12,126.01588558558663,223.36603561840366,128.10561646775565,101.74839929980284,164.30876897752665,81.26203190634662
2021-10-13,126.72380201665098,225.73789450804577,127.7493763228822,100.3205493398782,165.35819988339014,81.29000152989207
2021-10-14,126.83503074921413,225.68512171427795,126.39071758937548,97.97588024682372,166.58018926005317,80.9202810756828
2021-10-15,129.13760922593792,230.34488545578913,127.2888532861475,96.15497354484232,165.22000485437565,80.71680376964558
2021-10-18,127.62162707306572,227.48529573380523,127.79576898641423,96.2549088359144,161.36121528289704,81.3006495596451
2021-10-19,131.46271958717367,230.89169786508606,129.508138603115,96.51365872230289,163.0499763508094,81.3297895936497
2021-10-20,130.69901856724528,228.50599279954702,130.7406924527436,97.69851175448545,165.15782564855894,81.98265693738543
2021-10-21,129.40181315537723,224.20960817351875,131.72586982158273,100.1401868782158,164.11441599850102,81.87586992153092
2021-10-22,126.2455706917303,222.77074096321593,128.7975865101286,97.93851163157937,163.9075002899507,81.81774490317505
2021-10-25,125.04149422831989,222.80449133194793,129.27012543796016,98.61147554566412,165.3852805548315,81.94792127846172
2021-10-26,121.63581442834564,222.09685590362176,129.37895917773855,98.14618459712962,166.0815232471745,83.04428275391427
2021-10-27,119.37507951736585,218.14708165678806,127.52951621424042,96.46548469746229,164.39448663602198,82.74954167456681
2021-10-28,117.54660638443416,218.23984052419263,125.75550518018399,97.08362118900321,166.5413421443368,83.38951385337218
2021-10-29,117.72113142504145,218.16434332163377,126.97947620828026,96.6881858653542,165.17170678945644,84.04921118829395
2021-11-01,118.9655087582563,216.54466263648243,125.21398079760398,95.88831869401287,164.90146231947503,84.96231647322982
2021-11-02,118.48957083946911,218.45513895737852,126.26454500542263,93.91175788154808,165.91084019254015,85.4406766114191
2021-11-03,118.02582437080285,222.07098106024043,127.49603941303893,92.62946485924918,166.19365863723863,84.63044681823334
2021-11-04,119.71582055892723,223.32957093300644,128.31021815965698,92.61136379657411,166.73670098360466,85.01704038832504
2021-11-05,120.40426254077664,226.16987972408424,128.69823379248075,91.17893331187096,165.30998050498243,86.47040985166896
2021-11-08,117.96251005204388,219.6372538845844,128.84033748268487,92.22560933465469,164.04702121977107,85.59565437848858
2021-11-09,119.18806335372523,221.45125067110834,128.90321828154586,92.35180927033419,163.97733717105214,86.27473438572217
2021-11-10,116.54480908623478,221.09795812305188,127.00511654093168,92.53724002069532,162.5639129891281,85.62465404163049
2021-11-11,117.0429266084231,221.87294412100155,125.87100460936367,93.61950704393527,164.64138274402086,85.92240238997621
2021-11-12,115.83256157117114,219.86704421212826,124.83216009701272,92.52295137535899,163.69823604518743,85.95538608445764
2021-11-15,114.94302087498501,218.33405203115896,124.9469703419146,91.74851419293313,162.754814414474,87.22549820071016
2021-11-16,112.04419689546926,219.67756315157524,126.49744816451069,90.06558467361545,160.85247333728043,87.10298698108326
2021-11-17,109.72185812338554,214.8658405489776,127.09112774303874,90.04543051565427,160.97540472901412,86.19044100196663
2021-11-18,110.0551136350727,215.54771462237417,127.62761496295639,89.79410979184549,162.4738546256847,86.39463061596963
2021-11-19,106.17188534510926,211.1436410192896,124.85549872643774,87.98109278743074,163.14033502387926,86.6413595433494
2021-11-22,104.13731307133348,208.49968199721903,126.81521191092853,88.3136304431227,162.8966648601183,87.32570395222012
2021-11-23,103.62250906202833,211.03938361585494,126.64069764166959,88.015114377326,164.08445241588757,87.47433921764588
2021-11-24,103.88761784112936,213.48564649029964,128.24926859821753,86.67311432368787,164.62709480069128,87.12873443580153
2021-11-25,105.37061976724611,215.8412150959732,127.88095559593944,85.41222319552504,164.72148026402053,87.01847900623565
2021-11-26,106.35671492511906,215.16747370853176,131.54652703379273,87.47478591369479,164.6684094466968,88.09290861423045
2021-11-29,106.51667309062312,213.4212427027192,133.44421325043453,89.12916742045033,168.6023786227782,87.64498868248488
2021-11-30,106.72007206495206,209.57631866158738,129.18630679633952,89.67029424563825,166.84598624439408,88.41069039590752
2021-12-01,106.53741992311116,210.59800975060372,128.10462157657216,85.66503538513878,168.43383144122996,88.68943597445771
2021-12-02,106.20205913107415,208.37410318821568,127.57674428273346,84.73588546418435,167.8001212856698,88.8773525349738
2021-12-03,108.17991035430849,212.8366845760984,129.02094770903054,86.27166680869267,167.82830823231558,87.364008733175
2021-12-06,106.82269575707863,207.78230857665628,127.4806897590458,87.69550944173315,167.1838720803099,87.55814336742407
2021-12-07,105.5750664852906,204.8860507697927,128.37966299664274,88.1992021077642,166.00581774109992,87.11651833718794
2021-12-08,107.89172456709983,209.21845310820223,129.29247293615543,89.02669853568494,168.2007854803256,86.39482494287692
2021-12-09,107.55678042293961,208.47671390145572,129.14562256206798,89.49047727543147,168.83001226735516,86.6145446513366
2021-12-10,109.39391323414499,207.99920374716763,127.93557490918154,91.43028697802792,169.07764172686927,86.85607225734748
2021-12-13,111.68000496961844,209.87965226955416,127.33048434931133,91.1735257419142,170.39871115579805,86.80031878665476
2021-12-14,114.23403974566388,215.66715156408702,126.09190010820733,89.68163904843361,170.3787928153922,86.23045932003953
2021-12-15,113.64771392763495,217.22457958882845,126.31383850231782,89.94099501949155,171.92024364336703,85.22235902650189
2021-12-16,114.33626322035698,215.3858074435456,125.6883870372405,92.28557956005771,175.51097051165968,85.03410595091603
2021-12-17,112.07462878729321,209.97715517051648,123.9309621721022,91.60795359076802,176.45905729363363,85.9710486641104
2021-12-20,112.20193747244464,210.65390269312917,125.12814078759642,93.41770953523766,174.73174700054963,85.78580504415821
2021-12-21,112.08790833639146,205.5190864609826,125.4666055705531,95.09189308033322,175.73672532417706,85.83302531476029
2021-12-22,109.84879242047195,200.00674518987347,126.04850577114806,95.1364986758248,176.89499462304104,86.60793781949631
2021-12-23,109.0223011340043,199.26907958147854,126.64439996816452,94.39018466683353,175.39246988099356,87.29569119572302
2021-12-24,108.27856861554743,199.89736758154507,125.614360858022,96.01259431410759,176.60888666594622,87.27966108959036
2021-12-27,108.1500851298679,204.4453250226877,127.44968324310945,97.15055796630102,179.15333063333358,87.58212024906645
2021-12-28,107.21965118433097,204.5904834381588,127.55078389433987,97.34137288337939,179.8098519504812,87.23257606674484
2021-12-29,108.63485694360321,204.07081548181603,127.15446856395943,100.41989199009335,177.6978331102358,87.73823833209536
2021-12-30,109.9751825572643,206.31783860092276,125.39976976730517,96.91137280197526,178.0868005900972,88.01412881475241
2021-12-31,108.88061532344841,203.0195454773272,124.78092261733238,96.40152198364895,178.67927073883263,87.7826895708395
2022-01-03,108.4416258037843,202.64201955628852,126.26820550575117,97.29122182856277,178.5297531054064,87.70380442268389
2022-01-04,106.66617182206998,202.51818461082397,124.48043893730035,95.88735520454081,179.23083057534384,87.95231239508105
2022-01-05,106.30518730069858,200.67832966711214,124.38742092349806,97.82049605331738,177.90002369823924,87.64810428644233
2022-01-06,106.91090649887715,201.43640151876963,123.91868579462967,97.28473573281642,177.0564290183934,88.74725774900377
2022-01-07,107.44994074286812,205.5230886231276,123.3150395505961,98.766562853011,178.14604250206347,88.00256107719697
2022-01-10,109.10408033114929,207.19000488637516,123.42617582459852,96.95591707745928,177.75696984053747,87.96455580297305
2022-01-11,109.43897523387432,208.84063489557747,123.80727872408723,97.03913100388493,178.98996427967307,87.42162286461742
2022-01-12,108.51324625049932,203.90383535768845,121.03781968182928,98.93422276742865,176.7902534565821,87.12576055182024
2022-01-13,109.62034395063836,203.60321908383025,122.86879745974993,102.40364069325153,177.14842911251327,88.61402813995501
2022-01-14,110.90339079713769,205.77023557319302,121.94002146162512,102.86541157457711,176.6982102970919,87.86646147549096
2022-01-17,110.06374398579867,204.13562523212107,123.33281753009712,103.76734649450087,177.09233533225046,88.69029221736481
2022-01-18,111.42564203799266,202.35797065633267,123.0967914604173,105.7301522618869,177.69241801201792,89.77599647507544
2022-01-19,109.73446962295439,198.20933445748804,120.7351026794329,104.88000608842533,178.3124774894521,89.1384758793394
2022-01-20,107.68779316812437,196.65367714137489,122.3751104849134,104.21407873545077,179.6897803770113,89.65479858562082
2022-01-21,106.72533395894018,196.49363274586386,121.20861858305726,100.80212236200528,177.82601456374468,89.98170921245305
2022-01-24,105.11241255003416,191.0013458299177,119.2282190383762,98.92208079865347,175.71159780963043,90.58234811434711
2022-01-25,102.68412857790233,189.45286109095798,117.21262964930463,99.11549017155913,175.3075022443505,90.40639062019673
2022-01-26,101.61470073538064,186.5034730021691,114.75291266733852,99.83880632124502,174.75545366239294,90.70857292714304
2022-01-27,100.88390468965576,183.34936614887704,112.65398858229756,98.00651531223254,176.87399369726967,91.13639711180538
2022-01-28,100.55642155466319,183.71574346059077,113.33476801067044,97.24234121188678,179.47460582620295,91.2686071162385
2022-01-31,99.41667122222151,186.54606832077243,114.16142329175358,98.85515532089696,176.62805610139657,91.14487119299912
2022-02-01,99.2969614059362,187.61573072088783,114.20142571953205,99.52084885385705,177.6419778721837,91.86108281860933
2022-02-02,99.71612034411835,188.75690132862306,113.12568732501411,99.60080732321985,179.59541774370544,91.92045337827575
2022-02-03,99.30881306380769,189.44479680511031,113.114598801778,97.31605613118013,177.76709303588996,92.03594944207765
2022-02-04,99.93154395025303,191.23502615299017,114.22415627377099,96.65910134376651,180.34213113574623,91.48543316597699
2022-02-07,100.5375631902542,194.7355755336048,114.56980924920552,92.79857286799626,179.2798351954846,90.96954144456012
2022-02-08,99.40945024136171,192.91650088767756,113.98816949917982,90.83249121959925,176.6726381281393,91.15846808851418
2022-02-09,100.99669811335102,192.97363768306624,115.43424102525377,90.183402069766,178.97959527826788,91.32788351217702
2022-02-10,99.53378872747416,188.98084304814577,114.63761407555631,89.94049172304997,178.54373793186787,91.09258168421212
2022-02-11,99.72046601052564,190.96852854681902,114.18545269466665,89.79741577799108,177.30867367568274,90.94471543784826
2022-02-14,98.39694483880568,185.3073847849494,112.7831611085448,88.94977141732282,176.1328801035595,92.32219182878056
2022-02-15,101.86830847890512,189.02403729179377,111.84699220804288,89.14697522216233,178.90141268911216,92.50381832383341
2022-02-16,100.57101023175939,188.6269232304036,110.74589432348249,85.17152828262913,181.45385380099486,93.47324616047297
2022-02-17,99.54872918065918,186.593120820153,109.79500979676229,85.43022959373515,180.0099780521762,93.5944562344128
2022-02-18,100.16945220572244,184.8379194068292,108.3496997900804,83.94759496184183,180.76385330468884,94.134367811509
2022-02-21,99.12902780932585,186.07073287395912,109.40592849140172,86.62889612376733,181.8326816708898,93.88123808787458
2022-02-22,101.7648279809661,189.6668188886919,110.28469505114414,85.13210783506047,183.41228775562982,94.70314701010456
2022-02-23,103.37743437461701,190.52338363965032,110.87911446100894,83.94848756392287,186.0651981319523,96.22281430483243
2022-02-24,102.47105178642752,187.83799248023914,111.80243038548801,85.77496531931467,185.20557061276068,97.19353256009026
2022-02-25,101.06572070566718,186.92365195667512,112.29998668253955,85.92383514697448,182.22992461138398,95.05845475862762
2022-02-28,99.38496158093295,182.12028686254305,110.53176510280582,85.3273580742345,181.2425392281886,95.03514525636879
2022-03-01,99.76552134232075,181.15841793590639,109.72670695713306,83.38286115612252,179.79996795800906,95.3705107159188
2022-03-02,99.36088653355141,183.63358327602663,110.82553838222158,82.92920013043769,180.10641983716667,95.68493141126643
2022-03-03,99.08881168248398,184.34781648754034,108.82898284659441,84.50899295801501,178.79375254511874,95.47128267633313
2022-03-04,99.21538515847581,186.3309695973842,107.81497651154616,84.31300313247117,176.1987392904878,95.58107199450205
2022-03-07,98.7392859599375,182.3611948464641,108.50396966982248,85.41403164886951,177.02566773112986,95.02581426028463
2022-03-08,99.89456668894368,181.72330513735062,108.98286399780359,86.97026723674934,178.69796494574695,95.2303702129108
2022-03-09,100.19609492890359,180.81946090927386,108.87186194569465,85.74896201732534,178.18934338842055,95.08862827818886
2022-03-10,101.21035940985266,177.14066795597728,110.73271811962077,89.87307868960434,179.31551882452231,95.74155030947878
2022-03-11,101.631910242026,178.04043693484465,110.01700074539659,86.81017190111501,179.02924036116826,94.79454581909422
2022-03-14,101.71127308947281,178.87292257316656,110.94049424335324,88.23264389589724,179.2257572528915,93.44479342406022
2022-03-15,100.53692863595445,179.3400980016205,111.40053859927504,88.23061433607428,177.45765552496326,93.09021177994002
2022-03-16,102.7852826686329,182.68181678821966,111.19698068185127,84.47209273397083,177.61461460634314,92.17377013803507
2022-03-17,100.46358368666328,182.90198780673734,112.47093760611499,85.74035304153054,178.87557535700546,91.98208124502187
2022-03-18,101.85728902237777,185.73047639055872,112.02768540745893,84.79399645174762,179.52108260453866,92.64612807315163
2022-03-21,103.84583460903504,187.31920154755696,112.30737395219427,84.16500041678434,179.31583908416002,91.97626520112343
2022-03-22,100.76740869595413,181.75439873114328,110.26489632791498,83.91977787986548,179.85242195687866,92.53125510801648
2022-03-23,101.77045440264429,185.53208814538104,110.14977649850057,84.38862029247599,183.10202486320392,91.3941902814456
2022-03-24,101.07515427919607,185.23076450855172,109.95826611679799,83.54408118578759,182.49088012068273,91.62439900237253
2022-03-25,101.39578936034208,188.05061426078112,107.99913677343687,82.40631793741036,182.65884723222436,91.85393446777512
2022-03-28,104.1943235247656,190.35639638692388,110.91460255302846,84.365102868344,184.73539668484892,92.10925537935408
2022-03-29,103.79358802518317,189.06323698133573,110.2185153261664,83.17814415431485,182.99709692766666,92.4818270873007
2022-03-30,101.1512964091554,186.13161553722108,109.07500281811724,82.24276418333304,184.58401231309446,93.91532499438217
2022-03-31,101.36556031724598,184.21767356657003,108.0493157400419,82.1692892268673,184.44249262986733,93.05807624526358
2022-04-01,101.81672363106324,186.12008987519107,108.70722161496047,82.26884697077523,184.57267329225354,93.31426997042395
2022-04-04,100.81425299049687,181.60302339815027,107.64787066594526,83.2677014102166,185.59696881366173,94.38765306892967
2022-04-05,99.94462775908276,181.38883022785353,107.14147669482311,82.65625507845266,186.964561687674,94.21788346514312
2022-04-06,99.7311510003748,179.90633240986858,106.45402373772606,82.70445660200598,188.63768224918226,95.59793889455709
2022-04-07,99.03209183417827,177.60663128540145,103.77282776722272,82.63114828761611,186.62918388959653,95.36012533801303
2022-04-08,98.4105825725486,177.7185461699404,104.19636716625315,82.00943285506644,186.62814534499086,95.70333997641558
2022-04-11,98.42729132773839,176.5343532516153,102.31722630064203,81.11267550701133,186.81032575461674,95.36092100240681
2022-04-12,99.17799707873183,177.94964156149678,101.5908958520801,78.92884475036642,185.75219746753018,95.34321292623804
2022-04-13,96.56887787161455,176.18806387763883,101.24294183245328,80.17268993117621,184.66890960725112,94.07535880868568
2022-04-14,97.27593138428351,175.1512516436249,100.93822527142528,80.52182621505422,186.00241154108275,94.23075949258751
2022-04-15,97.88582861008193,170.839902381209,99.93843696021939,79.25210399827175,186.5799557525727,94.08704250733831
2022-04-18,97.78092567249932,169.8342971099644,100.6144448303349,81.65204059657805,189.6116338122003,94.13320143015201
2022-04-19,96.69149062577654,167.93528106591157,99.8742305278556,78.80140046354857,189.83040753626196,95.93675411535874
2022-04-20,96.14949127791768,167.25008983274003,101.82779529424772,79.34917183019701,192.4097976112173,96.29438216330237
2022-04-21,97.77297538558054,168.37541575423083,100.92849788037434,77.75714448097986,190.88811745676253,96.74248378887081
2022-04-22,99.236073743979,168.3187415768718,101.60373967386042,78.24878768638214,189.92957784350762,96.19258807653699
2022-04-25,101.64116007432514,171.80395659241807,103.36678296186177,78.42032494907792,188.9452866717379,95.88022767561405
2022-04-26,102.43061606822417,172.93157107032982,101.43431850340512,77.24897665161546,187.44357224264556,94.95823120513234
2022-04-27,101.0889578604668,173.1877668389703,101.6568784070032,77.9178285646594,186.52880141548326,94.79780462967226
2022-04-28,99.64602300750671,168.20750539765456,100.82432972344971,76.66449670021616,181.92160852409316,95.06355963803314
2022-04-29,100.27370841347157,168.1060215036878,99.06382371120783,76.41423311942881,181.1977867268432,94.75091983621779
2022-05-02,99.94648315179697,164.16851971340938,98.15885136871263,74.34535320250984,178.32176211075776,94.76600310392011
2022-05-03,99.87678373352203,163.51927733310168,98.55016049184051,75.5335834652923,178.08170434032536,95.08948563286533
2022-05-04,100.42234840311843,163.739393038251,96.95740144836563,75.37715548856666,178.34493494977892,95.18868617690559
2022-05-05,99.95460561294658,161.92370329598654,96.94759872719925,74.47156513824902,179.22877329275155,95.4320796843301
2022-05-06,101.74663228276837,164.1231784370976,97.9058047375941,75.21272672055365,178.52511629441491,96.18111059205
2022-05-09,101.8095644698136,166.67968673539107,98.85073715892553,75.45485968664927,177.73557215081473,96.44421136172646
2022-05-10,101.82341795905866,164.14113230959765,96.85143339802427,74.63750078423377,178.65828075051212,96.31727099628907
2022-05-11,99.79413000481019,161.79033630918116,97.36981908190101,74.3130315916434,179.40528841714868,96.77228991902692
2022-05-12,99.64153528960405,164.27504904491602,98.59614209835533,73.38630579013119,177.71539975919063,97.48543013188211
2022-05-13,99.77802642333894,162.84443669150193,97.17581854859002,71.80138300173522,175.40920904186768,97.13162683042295
2022-05-16,101.08739346668416,163.21352586048693,97.42360827237545,71.1321921183894,177.83149615423628,97.97818157508532
2022-05-17,103.63431565925717,163.89964772274186,98.81337179513574,72.93712567150737,180.75398598680002,98.76635009108291
2022-05-18,104.35459444530971,163.9911982032334,98.099384653223,72.91108927104625,180.3839538763634,98.59282411676692
2022-05-19,103.83968125520002,163.17431555271483,97.5510193338189,72.65893893227819,179.362539646296,98.71399363166043
2022-05-20,104.81928049993081,165.8798857078583,97.78887591813717,71.20654267260595,179.59486292990354,98.97603942441881
2022-05-23,104.64143367501225,162.66966596263035,96.772356643451,70.17481848248453,178.2932498425937,99.71993757401351
2022-05-24,106.13063468028649,164.9488687241543,97.56684977510376,70.67722350760914,183.1250146384651,100.62358350078739
2022-05-25,108.39203933060789,167.86563854745023,98.8506638923023,72.48969131262554,182.65039849308025,100.14607849853137
2022-05-26,110.79049670761317,174.70422599486457,99.14503079320704,73.44725636542147,182.8374517925974,100.29001102195689
2022-05-27,115.0444360815749,177.4563919539323,100.89482816973019,75.34502258683001,187.47457497893657,100.48133075884896
2022-05-30,114.86236026175914,178.12148520935492,103.78672860166947,75.06165918850375,189.2092742649812,100.57400586893954
2022-05-31,113.20678000916057,176.51778611224677,103.40304332694427,74.15955439515716,188.30466995484463,100.96403637477438
2022-06-01,111.42970528086578,176.17281189282332,103.28816691515748,74.07472088922464,188.49046370101982,101.37637915983143
2022-06-02,115.07646673080629,180.60043268021894,103.9940205003264,74.14485912721004,188.85759363533143,99.67485764975086
2022-06-03,120.38268848762063,187.8561747263674,105.28838072338749,72.32981104371147,191.43814115601572,99.46703323127734
2022-06-06,120.23554915920634,187.24473781913002,105.10646070550493,71.28456619516872,191.6158332153885,99.81415823280153
2022-06-07,120.37739493360098,189.99240730661415,106.85315219458123,69.99263576643031,189.56467414239125,98.9578950706875
2022-06-08,120.64815459498952,188.36090252367953,107.37039440178481,70.20896278017918,191.8334860636287,99.34286048220845
2022-06-09,120.78253928513199,190.05416195030776,107.59895237791423,72.35219296884581,193.384720751084,99.15554911680752
2022-06-10,119.74943174954822,190.26215204390093,106.15311761893832,71.58071162378859,193.40510620152932,98.87228750062204
2022-06-13,118.84007280249753,188.48659788023446,104.79141658949555,70.20804854878583,193.4861049346013,99.99756772492127
2022-06-14,119.21399504220695,187.42507503451586,104.8738764768765,71.14214472445283,192.55121060297316,99.82733664984596
2022-06-15,121.62761524753778,192.44927651756598,106.62670712126334,72.11499716806036,193.7214096384707,98.81107672632078
2022-06-16,123.03221886997547,196.39249910456923,108.04334075316035,74.03198931307845,193.16577185509078,98.24707521273196
2022-06-17,121.58456826801617,194.81947855917625,110.03327912918401,75.93366189221949,193.10369919419114,97.96302211741126
2022-06-20,117.8249524780537,193.46543503709418,106.95295432244639,77.03128990793488,190.77242473957116,96.86039337972093
2022-06-21,116.58843228661894,193.03552745668756,108.02747508538685,77.13089524566259,190.95781914459076,96.6581269306923
2022-06-22,117.17461312134348,194.09411477562563,107.0107957112278,73.5197123373586,188.82271564756908,97.6532234702136
2022-06-23,118.46405779004684,194.31284124277326,107.29872944229976,74.47994727142469,189.6006098236501,96.74575101833285
2022-06-24,118.21147713994733,195.5129912270435,107.00167839374056,74.65223806360378,189.06377800395472,97.26985777071162
2022-06-27,119.28986519037181,196.57508207747432,107.1509938374204,75.60405952731885,187.94966692427414,95.97016286301901
2022-06-28,118.74134244519566,196.61243541512752,107.58511363004608,75.06881669323448,188.5045442735166,96.34460442867007
2022-06-29,117.36089316408163,197.86737153599518,105.81399354679603,76.02720065418059,186.82777979637365,95.26906157419936
2022-06-30,117.35538877196542,196.57951904587642,104.77041121947454,74.13464874934142,186.16939211659258,95.57610188785809
2022-07-01,117.27720843907935,196.86046301018476,104.11131778487915,72.5355499239127,185.58190875925348,95.13469646100992
2022-07-04,117.99412373302188,197.14211490198798,106.2345578473681,75.71224486301882,184.79801152755553,94.48440493723288
2022-07-05,119.57153887013448,200.58824577226383,106.24053649958125,74.61202446260975,184.99359648305202,95.23956489550498
2022-07-06,118.60056872855569,196.39181448899956,106.65675203315969,73.68663472164934,184.2793030223102,94.68739517979755
2022-07-07,118.3478335145579,193.25414715685335,105.52839748113593,74.54591971373692,185.32013497094133,93.86798045544631
2022-07-08,120.7568428430694,195.36670176190282,105.56693252386464,74.67699261167363,185.9704755439126,93.82851672011992
2022-07-11,120.07369439822149,193.89269846816904,106.73010226630767,75.47674781629128,185.58457944203536,94.45789734164643
2022-07-12,123.71405708050594,198.3853410917256,110.08387211474562,77.01008030615566,190.0958614691761,95.21226872145193
2022-07-13,124.050594020474,200.10572436923366,108.39171592029962,76.83945359956827,190.68128433957037,94.88176636630517
2022-07-14,123.7772644235268,198.6191540845588,108.30452554297935,76.45283978284081,191.26563988035437,95.62345591458487
2022-07-15,124.6894352464754,201.10733625952514,107.68724466922504,74.98545012784831,188.52711265754905,94.73764036881605
2022-07-18,126.15854287064495,199.07489647828928,106.72769887121947,74.82311766075098,188.9115059862169,95.42306108855915
2022-07-19,125.44655722627789,197.31793088013075,106.34730883716504,76.7324107694058,190.79927625407063,95.82652633623464
2022-07-20,126.14124230643426,201.08799041041428,107.33300161775401,78.34106420413843,191.60975960265003,95.2942516121555
2022-07-21,127.4286048094178,205.60112348889834,107.8096600420128,78.98911006673207,193.58151554940696,96.355410132522
2022-07-22,127.31425476578404,207.2548200678151,108.38616756045518,81.04675447928163,194.6216835668936,96.51663260940875
2022-07-25,129.63355013966546,206.18726303126715,107.03663828032369,81.50808830587376,196.04552183257798,96.58557656761104
2022-07-26,126.34188244305271,201.61285240996554,105.55807096166319,79.97815223239434,195.14887162130933,95.98462444898922
2022-07-27,131.53304312658832,208.30064687752537,105.9781539328883,80.28049258121177,195.16808356951415,94.69278701834264
2022-07-28,133.97946493102629,212.483507939113,109.23923033207528,80.40453466091105,196.40787263651714,95.02452994414486
2022-07-29,132.3599333094953,214.12296816483877,108.08344983710376,80.36257921647682,196.24307593629348,95.35833734092117
2022-08-01,129.39141037313675,213.09145847520347,106.91544086352896,81.5410789956971,195.97761637453544,95.35864396578934
2022-08-02,129.7863512916665,215.40933472108068,105.94950980060398,82.208994809499,195.46810674346372,95.46035284103654
2022-08-03,129.53885771037082,219.89212257326867,105.8469646757244,82.47581770315801,195.509922029538,95.60073920989548
2022-08-04,129.80805989123718,218.89761180401035,106.98786098634793,83.215126009206,197.1972174534742,94.98181265062644
2022-08-05,127.97595718083952,214.36731449363717,104.31380253412664,83.33743050218195,195.9865193884099,94.47234640256829
2022-08-08,132.39889077062588,220.5446909241413,104.3856096170923,84.29397827557456,196.1566175620076,94.50254461857232
2022-08-09,132.68439054302897,225.1582311476914,104.19736206558747,84.02896131439094,196.41045736663642,95.68865802674779
2022-08-10,130.04833077032052,221.6930490947953,103.06897486043765,82.74260264289137,193.74217930806046,94.73983692949051
2022-08-11,132.60385152701252,222.8750502563832,101.86858853218688,81.51819446836534,192.36461937928945,93.88793954456052
2022-08-12,130.99952875258708,221.69986827406382,99.50262066087382,81.98271875332587,189.90081465692413,93.14649070509248
2022-08-15,129.48888969547093,214.64016284299336,98.95312845161773,82.13819573773564,191.0242157703933,93.60063545808907
2022-08-16,130.6276313815214,214.93283067744187,99.89730542497297,82.4776574188669,191.16319540060348,93.40758489315216
2022-08-17,130.76630247966037,217.04574031457432,101.99204746305043,84.22896640079506,191.91623025198226,92.98689297147283
2022-08-18,133.00228949940413,219.52378854753258,104.82292344826882,85.90985176404209,193.52430992826015,92.54067290198567
2022-08-19,130.66211454888412,219.69768666625467,103.03397384012216,85.93762591074814,194.9335913062866,92.61164671305337
2022-08-22,129.7486422347594,219.24889313609626,102.3510771897665,87.04769503716709,195.74905394487757,91.89199191547321
2022-08-23,127.41606950007272,215.2008940708329,103.60848448096858,87.88676478682335,195.62209027299988,91.91007852026794
2022-08-24,126.17728505670554,215.1088347369688,101.67805389519997,82.51630035083093,195.27373948804413,91.83815968852664
2022-08-25,127.7626139333724,218.96427676057291,101.26645803924747,80.83564347163924,196.55354275573129,91.81043454717219
2022-08-26,125.49602009240147,217.21181499438396,101.01337992475449,80.90991993584588,195.03420283006182,91.12274381532931
2022-08-29,127.05889515035233,216.88713782068683,99.99389945472664,78.8618873405747,194.90214628615422,91.42164880513842
2022-08-30,127.78177707177682,214.5954704818598,99.26532056410335,77.53221262817382,193.57896313196858,91.41939051787182
2022-08-31,126.90379543394808,213.26672358452055,98.83638709307623,76.25276781314938,193.12216102566302,92.05084288670068
2022-09-01,127.3074849207089,209.39308037106036,98.97229362911882,75.11090541826462,193.02409070901928,91.34801686058397
2022-09-02,126.51905907980662,210.71567586205305,100.15285044916527,76.14224292894372,194.3360511900291,91.2122200994145
2022-09-05,124.53231767798485,206.69896976071655,100.79715207694323,76.80493741872219,195.55679228787469,91.708800696842
2022-09-06,128.46064235301245,209.85582211445626,102.08678789424796,77.68588832457773,194.81897216186826,89.98960771415157
2022-09-07,131.12053507224016,212.25527192317364,102.6976089347531,76.46944916971734,193.53809756329173,88.45368838430419
2022-09-08,130.16558374568598,213.29892021286557,102.74048170489378,77.15787847228982,195.58676640657973,88.05372017622226
2022-09-09,130.6639448175892,211.49101081552675,103.14314724474957,78.91105591376243,195.01454563378218,88.39116414465745
2022-09-12,130.25897278302338,210.63799198102038,103.41471006330663,78.68196955199275,193.43766767881414,88.68191363216454
2022-09-13,130.92934882887354,208.8505972018484,101.85762747908522,77.30544121698063,189.39209544535117,88.1477914284491
2022-09-14,129.77352857220194,208.08390631460304,102.27108423252693,78.98554392895666,187.80277837446195,87.6327722135529
2022-09-15,129.93136894204932,212.31492012522676,102.39420725403129,79.45625221609167,188.67245365716855,86.81445473332016
2022-09-16,131.70647160311412,217.38389448816804,104.16908673983266,79.22743968891,190.27369275628675,85.85544133896289
2022-09-19,132.37922800456033,219.33938578695327,105.83437557061355,80.82381805533679,192.68416851433372,85.99830377189373
2022-09-20,130.96801677874686,216.00839369448354,106.1256121477153,81.84429322568613,194.73834731537565,86.7360330396897
2022-09-21,133.17415199019126,221.71283719265435,107.5355596995151,82.36623682557148,196.2166864846952,86.93621754103776
2022-09-22,131.33808286976833,219.52489012602328,107.54161421778161,83.08596390141582,195.57052813683865,87.21361558418096
2022-09-23,130.69712289989792,223.70283935602527,107.80110839994285,82.25453889971966,194.81857529445793,86.10034245768466
2022-09-26,133.44257485827387,228.42334119446264,108.1208107473453,82.67334755507194,195.32633579027794,85.98135395860673
2022-09-27,134.3937532953165,229.97516015332315,108.82494213641867,84.20649742544981,193.67959681134997,85.75420886963185
2022-09-28,134.32109724252498,231.25765622239686,107.27279234990782,82.227339657146,193.2748764922236,85.53824027809719
2022-09-29,133.84414654523255,233.44423461990138,107.9366307077985,81.14500517005078,193.19529535351185,84.98889406454376
2022-09-30,134.05348482924543,236.76388967845148,108.99405268126552,81.4681972788801,195.98630240314228,84.00840847775808
2022-10-03,134.40305635602095,236.35686133557766,109.88868117565873,83.5125551845523,198.6699615415707,83.53517464869536
2022-10-04,136.52483805578993,243.72061107753515,109.25487222674192,84.22138483435535,200.57012148399977,84.19702646188958
2022-10-05,138.58202586294544,246.86442561937957,109.27733132374321,83.87859107410468,199.14323984267972,84.89378303242931
2022-10-06,139.31150601245665,244.03246832060313,108.49106138648365,84.88898478353491,200.63183449737218,84.67885524354416
2022-10-07,139.05577073554022,244.96831357252208,109.14614879284125,85.27277990363385,202.85074669544872,84.57448886247396
2022-10-10,136.92634681406253,249.97100805993767,109.0364484631458,86.48415766707375,202.60590127741833,83.7352998999998
2022-10-11,137.9066227528081,252.42114403273735,110.57327484521282,89.05732635950103,204.67747832492893,84.06389722144537
2022-10-12,138.27411348745645,253.49721208405512,111.95829162772601,88.55690585351748,201.8409877017294,83.84281169770857
2022-10-13,139.7771128163289,258.94507813239966,111.25190441845932,84.8406695023899,202.10638458755196,83.6576599147629
2022-10-14,138.83080364151172,259.1032450666202,112.90018238876569,83.27980243511355,202.17350303855912,84.44702199189565
2022-10-17,136.35336379437973,257.99448475862437,112.54577098653336,83.96598581178512,202.02276591968985,84.03346523035115
2022-10-18,138.6735599008085,261.91492989434164,113.79834500418427,84.93635268612469,200.5891960068188,83.45585557595405
2022-10-19,134.02174964909165,257.97403652692975,110.85737264711499,82.83872120912818,198.6624754906177,82.37721068910626
2022-10-20,135.52706256653084,257.5479300449662,113.97495895450524,85.6642757447473,202.42480003960588,82.52049164404362
2022-10-21,140.96343837538862,263.1898327421854,115.98335386760154,87.73716583585458,205.45561259445748,82.37655039262273
2022-10-24,143.6344834386265,265.18063901159394,116.33807596722797,88.34344337354148,205.04123012099916,81.50654191367322
2022-10-25,141.86664154768852,262.30244125650756,116.65657011440358,87.7748179489615,202.9243813292553,81.26173701047708
2022-10-26,135.8344963664039,252.87103760044607,115.34846113799121,86.6692454363449,205.19361167698605,81.54255446523045
2022-10-27,135.2093805911414,254.10663563069176,114.14840770007893,86.16696712921886,205.9946291628043,82.29422389081084
2022-10-28,136.6941167223874,259.84986874147756,114.69551194004326,87.72029859195297,205.96733539352786,82.23234588464943
2022-10-31,136.67879412960764,259.36315817524456,116.73766721999657,87.22246680570629,204.5438129182203,81.70915227372733
2022-11-01,135.3576275489399,255.0655508312417,114.25592732438461,87.43428999945617,201.58646359290782,82.04368192324779
2022-11-02,135.19561068608687,258.626407375015,115.56315525735899,88.07160296413979,200.1811023879556,80.72525699949072
2022-11-03,132.75723831429306,256.2041489247691,115.23383241335132,88.94743000406564,200.2659497547393,80.56072643273524
2022-11-04,133.79524091302946,259.130752376841,115.2849064705179,89.51914373457363,203.49289028251061,80.6876045715968
2022-11-07,133.60914686843574,263.3868624362292,115.4573546928083,87.63261411279564,203.64261382130894,80.36448430139443
2022-11-08,133.9243237094602,264.16759804228843,115.96846424083057,88.5436163222022,205.10580057517333,80.41269440616759
2022-11-09,132.8830417901311,259.1881325595491,113.92581421841706,85.95376806559844,205.24653176683407,80.63528823825608
2022-11-10,130.62530297279437,252.71165963927672,112.43438100020151,84.94549260291798,201.74641100873566,80.74996334106376
2022-11-11,130.7979360572245,250.1296963514021,112.77098184300743,86.84910329771974,204.05563918429291,80.2279425294345
2022-11-14,131.80452486835904,248.78464972992253,111.1659093536226,85.48703384603128,204.37195778070995,79.82085144961155
2022-11-15,131.78439267941107,250.84260699247397,110.52604295550898,85.01060870810397,201.52196378721155,79.77629260416474
2022-11-16,129.13605297512174,248.44310458328633,111.87865925645458,85.86559243859475,201.48204329244237,79.56815525840791
2022-11-17,131.58699527590846,249.93651504338857,112.95034678459051,85.69697336878042,200.0894726677813,80.18081712758405
2022-11-18,129.32698835909864,247.90903722850106,113.40677824025263,87.20341805867058,199.77005690462332,80.44660744379142
2022-11-21,130.42830465309595,250.6463599950031,113.57464128567241,86.67567571996369,199.67459562961253,81.30037913512203
2022-11-22,129.93564972651959,250.01606326617113,112.19907577920837,85.64200460816153,197.80258261167694,81.11460084942155
2022-11-23,129.60701523819552,252.08649899178803,112.95055782363168,83.35180019917186,198.2866055513176,80.52134522187744
2022-11-24,129.53621897285396,252.19444154435993,113.19032363076339,81.47393292456076,201.87878938212202,80.90359558175203
2022-11-25,130.15382195300586,250.47788475219917,111.9867637780668,81.5374641389116,204.08752347974658,80.48101276372243
2022-11-28,127.26899526879586,248.36542430750833,113.45443492522973,82.38364803159207,202.7927616954085,79.81169806198527
2022-11-29,128.50813234592414,247.99458147566548,115.72892683122691,82.11517771633734,205.5773080705907,79.36279219873019
2022-11-30,126.09600372014259,241.17747249127,114.232105238861,80.5562729075619,206.33017891724967,80.38929319394559
2022-12-01,124.05467582678881,243.40805342185078,113.49423529815338,77.74306440208727,205.03438404121553,80.85418731948435
2022-12-02,124.53612056725574,244.81952299545483,114.33051949182959,77.38434419714925,208.24934419748078,81.2795598157835
2022-12-05,125.30664018446065,247.04935398150445,112.45486366070963,77.40137997748602,204.44602064820768,81.0715001136426
2022-12-06,124.98648348872538,244.2651371726608,112.72237818394163,77.11091304291054,207.5894878836893,82.0513622386542
2022-12-07,125.31620020888636,242.3167378653843,113.62820117697352,77.47870441783483,207.36154277586007,81.52420120098364
2022-12-08,123.25786658780287,239.7877052561221,114.41029968851672,77.59788755729667,207.95464884625343,81.3698843597442
2022-12-09,124.00610103105247,240.63001062210583,114.11081710573387,77.30032742619719,206.6638547975654,81.49365200263297
2022-12-12,123.38996673042267,238.91258788304,114.64742106773333,79.1163328093079,205.9257626984544,81.4127356835767
2022-12-13,124.56718542061486,238.02590103634006,115.76696922290051,78.41866571662698,205.22851142406716,81.82432010104671
2022-12-14,125.28192367386728,238.7656789095472,116.54118178750191,79.18911527632822,203.49470199934967,81.10335357912096
2022-12-15,124.00038653808288,236.90512978613137,116.54646801856694,79.3992286072632,201.1695006445739,81.24128332886855
2022-12-16,121.5009084232202,233.2643819893905,116.15858462128766,80.91299138460269,202.87739932504834,80.16419709267122
2022-12-19,120.11093669368148,231.42200737204473,117.25763353073859,81.62133425700364,200.1785021798684,80.13311709965038
2022-12-20,117.25544884055343,231.1347272207974,116.87255345497587,81.58636296298907,198.97345067094045,80.39494105198509
2022-12-21,115.20330003551715,228.23583932884162,115.31110929965998,79.37261230689083,197.36479018966415,81.75308586327779
2022-12-22,115.88794779869126,230.28881054849657,116.0269885368501,78.53012293912036,197.2047338751045,80.5266763340317
2022-12-23,115.02502908540723,224.64843266410378,116.18822450222237,77.45077704946495,196.08897634302448,81.11896641645083
2022-12-26,111.32040023647146,223.2557703063226,114.79537118878477,76.6811199664966,196.05801764729543,80.6462410925722
2022-12-27,107.14462587193471,220.03918289335877,114.08701222532197,75.18037460069316,192.87314911020255,81.30528227950808
2022-12-28,106.52605789850237,217.78141967657575,114.43527303426228,76.19659872423836,190.9799124690376,81.19166732809812
2022-12-29,107.45459910229286,222.2391081528946,113.61967629085072,76.08801822363397,190.3411260726932,81.21634016187993
2022-12-30,108.46741666031234,222.65132355171684,115.13247842170686,76.57041324801135,192.43770518120473,81.23723778627063
2023-01-02,110.96015044402893,225.18251120415124,116.46093696059124,76.5632011749357,192.49366252509404,81.43237666463503
2023-01-03,112.57033716069816,222.95779742793277,115.10542748370345,75.12036373915731,191.21229791283506,81.49448870047965
2023-01-04,111.92066749935765,222.80055195566655,115.14694056294931,76.22748852585292,189.70187355002798,81.21818760261783
2023-01-05,115.48742597569453,221.9987228336255,117.29093258784529,80.06411338565256,190.39807942727313,80.92780121686809
2023-01-06,117.6059018245592,225.59470698807132,116.86388148582702,79.21612062388733,189.30113018113678,81.80343181039223
2023-01-09,118.45069879443707,220.36508090461223,114.4191277035554,78.6190707861239,194.06664105768272,82.10573047489642
2023-01-10,119.41356260725777,220.86701736623243,114.85900927578415,78.49608379215101,193.9379873502726,81.73802092063741
2023-01-11,122.31662954714544,225.26240154584875,116.23844918053437,78.76437366838492,194.12948281025217,80.49002795597794
2023-01-12,123.1129145827139,228.1350417656982,115.49046455113437,79.00989474867517,195.9429543001162,79.65592302976268
2023-01-13,124.59524634829405,228.32145152009835,114.82791856733441,78.5286704362526,197.8920123948592,79.58637677337951
2023-01-16,125.02510377948431,228.6155591174905,114.9907258543822,78.75644696853121,198.5712552760079,79.558518564925
2023-01-17,123.63273320517845,224.66970376746747,114.37651667515823,76.31964227180534,198.4284223526298,79.34583317887991
2023-01-18,124.63343466923082,222.64428537463215,113.05731305419815,74.33072217575884,196.39145799739322,79.22979261661939
2023-01-19,122.58720751420405,220.09437335112835,113.05498553416395,74.02458883641306,195.54784953113784,80.04483585678176
2023-01-20,119.11892972626794,218.04894503092558,114.67195082122657,76.81256925423946,194.6571339282279,79.45580565753906
2023-01-23,119.55836247094282,220.30427947318142,112.0491769272343,75.38960287327512,195.1617537086763,79.87655310764083
2023-01-24,117.56892305937009,216.00887606347823,111.3671435684577,75.87686121193326,192.31469592143793,80.12235711865671
2023-01-25,116.57318213183889,210.52536718258145,111.24619754184961,75.12023627317168,191.25152343110568,79.95613452643941
2023-01-26,119.420427409264,216.21190899880034,110.66027343755181,77.04219155084728,193.4314731722701,79.91584364126238
2023-01-27,116.62930603730737,212.38131251133527,110.1999455669309,76.90328165990327,194.39369787230498,79.77163985814212
2023-01-30,115.97503327989475,211.68790641734822,108.91872371692088,76.39636633081265,191.3885539012981,79.13310162729358
2023-01-31,119.3146004070373,216.96738497473572,109.84975070944182,74.50882435387201,193.93716696592801,79.57246066298399
2023-02-01,120.42106913660277,220.01212399221836,111.47203784051538,74.94832645397493,193.5393134513725,79.30406016391045
2023-02-02,122.98460079876266,224.23550661767825,111.97421049149165,77.46126116636718,195.59683576931207,80.12168616564455
2023-02-03,120.78306621540958,220.6739216735482,113.16038497705821,78.3880440409705,196.94306823234598,79.80716137459774
2023-02-06,123.33877223497227,220.2193283336347,113.92875933449494,81.0686423607817,196.22119311395173,80.9385416338384
2023-02-07,124.39942133768507,221.22808623937212,115.32384443069984,80.45666443121954,197.97276336305063,80.50834613215694
2023-02-08,127.49671079622219,224.52792027902683,116.98200613680932,82.25729177972278,199.8843849863115,80.39156251095065
2023-02-09,130.6899938671703,229.9316687793897,120.24721324849578,84.64698561557366,201.39271658857587,79.76430719365213
2023-02-10,131.16797941262067,232.36375547460784,119.84206277482909,84.98315437464029,200.68933292487986,79.40677831916958
2023-02-13,131.11886714474133,236.06447276341854,122.02354689434566,84.86797604030751,199.65349494064756,79.24939409280054
2023-02-14,131.85698225663884,237.01678654975333,120.67587040157237,83.51145809603214,196.606500634319,79.05873055201135
2023-02-15,129.37708280236845,229.95768682568612,119.09423656046786,83.29433875815413,194.77882065129435,79.296047240087
2023-02-16,129.5652571610174,226.84638987990425,119.36033524381932,83.35604750447848,193.9813588832964,78.9157536078804
2023-02-17,127.5618830613637,220.6566311130344,117.72182934360052,81.94673883392423,194.78486826061982,78.52115289034852
2023-02-20,128.5323816968152,223.37997380835816,115.3235828688511,80.4303135204959,196.2503965183106,78.61121946961939
2023-02-21,129.32598476658333,219.60714119658167,116.3098705903385,80.2588763543005,196.40576584941076,79.3197992118379
2023-02-22,131.51901373947254,217.79786005933508,115.82927376319425,80.16865139567444,197.5287751737882,79.35340640149542
2023-02-23,135.7730679311542,221.95403830128325,116.85023325161018,80.7218280157761,199.79931740328183,78.53896325648869
2023-02-24,135.11825986927377,219.29365814414498,115.42771512610615,79.39980772240841,200.08278507053237,78.34023951489942
2023-02-27,134.34369793144273,215.30933130376965,113.08910903904477,77.25761998875724,198.78343816880653,78.06452740070826
2023-02-28,132.61614750398596,212.1041925343925,112.75790271171537,79.1391899617787,196.3275994451197,78.32519770602208
2023-03-01,131.21399627506975,213.09891370485795,112.54737770660184,78.56955516546827,196.46659844094572,77.50583045503019
2023-03-02,131.4529309610889,213.26746723495987,113.74024171700135,79.40220079397821,197.49386109614701,77.17681119108616
2023-03-03,135.74683580126546,219.4051424405935,115.21241939082235,79.37559267013536,198.3064584723062,76.82883149583336
2023-03-06,139.6123954757064,226.8380021992431,115.92842270112514,79.1919632868741,199.35393197896758,77.2228465881896
2023-03-07,138.17579124578813,225.43490630216834,117.58900655591025,78.76362578547364,197.30537364382414,77.23532169174072
2023-03-08,138.08899127610601,225.3953668519656,117.0360425864598,78.11074483294419,194.96006469053697,77.30647113862267
2023-03-09,137.78650203486876,222.67566991936206,114.64782417459264,78.57008255741229,189.9487954641409,77.21550039009328
2023-03-10,140.33419261736037,224.62137049356335,116.53947575597907,79.06512972790551,192.57411561839217,77.23197203717055
2023-03-13,140.71159351014634,225.09068694772725,117.3772941113067,80.22547024504236,190.11189505507923,76.3694102597697
2023-03-14,141.7792997269923,223.27995462841048,116.65666708575912,80.98387825491075,190.2556323778871,75.84579827539397
2023-03-15,142.3681498163042,226.71372336846787,116.8670587464083,82.86886249545161,189.59333942319958,75.1333799741708
2023-03-16,141.6976422117616,224.41543786577103,115.29013918489876,81.74947662580877,188.36256270630076,74.26666425555898
2023-03-17,145.17867816241582,227.45823584568842,115.6661724447319,81.64724242283035,192.17673636547624,74.4347123533402
2023-03-20,140.12690443989223,223.0632602317293,113.96602235577356,80.89852407231282,186.28211985299953,74.75947170812861
2023-03-21,140.99574120171107,224.77884743910485,114.00977232478319,80.69920791864797,188.00560162457174,74.34509062786798
2023-03-22,141.799423309268,227.66691395744763,113.9200516850946,82.43197339579466,189.24214089613636,74.16362757299065
2023-03-23,138.02132970734735,223.41497068271516,113.65005566871184,82.5680552978377,193.0759608796937,74.45373984162184
2023-03-24,141.48358920231044,225.5328870632395,114.3289851401004,84.61424756944062,194.58167412874914,73.86603778471672
2023-03-27,139.9354005465927,222.08469693180257,113.83428486758606,82.56019303871138,193.68127668977144,73.26330645256475
2023-03-28,138.77177140699976,219.2107310618521,114.1265272242389,81.83378562054273,191.88011885643337,71.90802738426825
2023-03-29,140.55832205197726,222.7157887384747,116.58568633472237,82.21779830267224,193.1139083447956,71.34458399023488
2023-03-30,143.69816452750266,226.6773274289786,113.75126277636443,79.60719450005325,192.89101361086662,70.80494649169738
2023-03-31,141.39096194901225,225.80716899892934,114.8522273354556,79.85190647243769,191.3645085049241,70.44482783478503
2023-04-03,141.9938473220192,224.47906614110906,114.32401795255964,78.22506675894314,190.82019758947615,70.82731718240005
2023-04-04,141.80319297022308,222.39867940019695,112.75921630610716,75.91575408979995,190.47293200635863,70.34935931187022
2023-04-05,142.24268512768936,224.09910404493402,111.15906488065015,73.68207537463924,189.21456879171237,69.85558798727622
2023-04-06,142.45647116756666,221.88143437916835,111.93647877326201,74.5116677442848,191.78456739052726,69.62798690485809
2023-04-07,141.3236866673525,218.1002892680327,110.82793706606857,73.61865073380696,191.60344958786408,69.83095875501573
2023-04-10,146.90723580685014,224.2845303859137,110.3731857013539,74.71739560367737,192.76720848051332,69.6094142678354
2023-04-11,146.04419117381806,227.24546272368053,113.29707213952409,74.93568722853827,192.55625436801185,69.28975724735416
2023-04-12,147.57441812459123,226.87249878300182,116.52424356576724,76.3254874018197,194.7139046999071,68.82734872363896
2023-04-13,144.92019043821674,226.48749412639464,117.24061465413374,76.91141142019546,194.7051636610399,68.40099926823913
2023-04-14,144.88272801522703,223.57322790535449,118.17096521522781,75.75093077042227,196.23803040102587,68.59108301436356
2023-04-17,140.60950094784624,217.3505596376584,116.3249487834909,75.4975194586999,194.40755820759475,69.25008186554204
2023-04-18,141.60738379629723,215.83507547191394,115.46366561642863,72.25632306090709,192.74719025596912,68.93783150271847
2023-04-19,140.71581657692445,212.60711678205777,114.8481150352771,70.99123027161268,191.84428224830538,68.51646819305215
2023-04-20,136.85536851013688,209.99870340846184,115.46558967815392,71.66918743372786,192.90353243756968,69.78822440387883
2023-04-21,139.01549657173453,213.54146121880217,115.99323359341963,72.81443344857034,196.1249618704134,70.32410160301222
2023-04-24,142.49785520637073,217.1884599266537,114.77324524469653,72.64225402578599,198.5304761270719,69.68094087612577
2023-04-25,140.95094467200087,216.33133136363688,114.0791010204222,72.43751143409395,197.40750667165034,69.58172961629117
2023-04-26,141.26173410469664,218.6236822528866,115.94272621748247,72.84505286444386,195.13461133348022,69.48426780026081
2023-04-27,142.1999466457564,219.06433286376375,116.9302854781934,75.44067493235704,194.11154198345181,67.8753104243141
2023-04-28,143.5750819003782,220.49735992170014,117.64953662765335,75.61262906626307,194.19841356561903,68.38979836386426
2023-05-01,143.07796573302912,219.8986156710957,115.22824761197148,73.13147533537081,189.77967219597411,68.25318662517586
2023-05-02,141.20835310298818,217.22863165028454,116.00621337135465,73.141946347008,193.57179526398085,68.71662511566726
2023-05-03,138.36524395699985,215.41411326779186,114.58411468384618,73.17509930586569,192.4885802215331,68.71666461958938
2023-05-04,139.28375244295017,220.91229010828803,116.06914113698268,75.13750400876083,192.86730952284955,69.23130716465452
2023-05-05,138.86864198582197,221.74200187056508,117.105319998403,72.79700216668722,194.77650445940876,69.50309429729981
2023-05-08,137.39556649631044,222.47022981670506,118.78290770423428,72.47601999175087,192.75371616318475,69.0715800444457
2023-05-09,138.34640152231432,228.85499763085934,117.8896931972986,70.8784626868277,191.5147695484817,69.23879874561345
2023-05-10,140.17038036327966,228.085925430041,119.12477774115447,71.22237636248296,192.38303375644892,69.53173480059948
2023-05-11,142.4391562114693,226.89404970431454,119.92915380323637,71.58484702749878,194.0898831243594,69.10850249076904
2023-05-12,142.9598425282585,228.50052210408128,118.88318013491077,70.11626973347919,196.44861748093945,68.9745764222631
2023-05-15,141.5788807064542,227.18491419568747,119.77401014482452,69.56082675042629,198.58538234354808,70.30348649689864
2023-05-16,143.74997734124838,231.05404179538994,121.24243797318861,70.01000406964161,200.10830294662637,69.43598424653696
2023-05-17,141.75598483923827,227.55986852410777,121.54794305459511,70.59725852380629,198.47663796202895,69.48027956695607
2023-05-18,143.37149094959724,223.16713683419331,122.88996741851182,71.93720888460271,199.14499673127762,68.27793450013033
2023-05-19,139.38799333663675,222.55777743053207,122.6262010302446,71.4825472628629,198.93553798219116,67.5740952362068
2023-05-22,140.04997267507443,223.26077298465427,123.17579985477524,70.2672152288475,197.61021237493796,67.23591095918077
2023-05-23,140.86112245382853,224.3903761569261,123.7270351631,70.83124015526433,197.08447510149907,67.56835306225437
2023-05-24,139.43388470599623,226.10547102750826,126.81637039677028,72.11906299833232,197.66288337360925,66.8548441608304
2023-05-25,138.6541616532217,222.29460110860967,127.96632327000373,74.8798010138063,197.1565444643222,66.92361875326962
2023-05-26,136.7273591884894,219.74738962473705,126.66179183420743,73.25107695424695,193.37874858701042,66.58623984313347
2023-05-29,135.28179086681212,218.6252631314412,125.59390648309117,73.55613433788473,195.74642199137475,67.27946289765025
2023-05-30,135.01507805450973,218.5225538096933,127.31027325988696,73.7379113898222,196.52186003745032,67.3879579334519
2023-05-31,134.46285793331134,218.686233774893,128.61865305043094,75.39272891005074,196.9929770197072,67.68023533992597
2023-06-01,130.73304649437955,215.0889390869496,130.3904682436647,74.90180353920496,196.6263363466578,67.70085077556672
2023-06-02,131.77343467366717,218.3657864095337,133.63194697467614,74.65428212481778,194.51877692464603,68.39366794858563
2023-06-05,134.52761810448777,222.88369734885728,134.19152951581154,73.68156000817093,194.67895881539698,67.04909721929094
2023-06-06,137.21994439938976,225.21334826508706,136.56513181742426,75.84858423336046,198.5216042564567,68.08131547502585
2023-06-07,134.8206223598965,222.20480706990972,135.12368235743207,72.6008422449532,196.79834495151397,68.31127419038079
2023-06-08,134.18971832565563,225.18118595800684,135.6534660783877,70.75892913987332,196.75303249226474,68.26698294062886
2023-06-09,135.0972235219575,225.32279180300654,133.62967262821806,69.23027992273272,193.9341047503558,68.61363655113242
2023-06-12,136.55557056008018,229.42939692209077,130.72341772032956,67.12579449959645,191.93680816287417,68.17444737323679
2023-06-13,136.9321550667042,225.02818868906675,132.2434908594269,68.1703697921985,192.0556746600712,67.46121212199174
2023-06-14,135.34328576486757,222.90097953545555,130.80677914116256,67.57795629959388,193.4631564847079,67.53964774872497
2023-06-15,137.8894834602141,223.61093116886934,130.9117412286768,66.52822671993778,194.1055413153469,67.38616906271817
2023-06-16,137.10050452004344,228.18447371945766,131.72677874098954,67.70444305836145,194.13003202403627,66.57199286651404
2023-06-19,133.1621582393786,221.2149501098144,131.46582453966155,67.51535526088651,191.04883160370673,66.84883160006824
2023-06-20,129.40280197532383,220.60260943152574,130.87342980561291,67.06795677244357,191.40009002069266,68.10809150791644
2023-06-21,128.53780809606027,219.82965812415532,127.80053790281424,65.59747673039388,190.55502010246815,68.34683868159388
2023-06-22,128.6317510666968,221.43737767847585,130.56118800781428,66.38379429301399,192.77417737757926,69.11256326504308
2023-06-23,130.94686748648218,225.40459214372717,130.04774010643587,66.15899335938185,191.59168522396635,68.56342763628545
2023-06-26,132.4001578753011,224.82712648330403,130.3504868953373,65.85545748568418,192.79296198006605,68.89378944906024
2023-06-27,132.89381643021545,220.92431714603993,127.74558906535744,64.62628575343773,190.73139031476987,68.60429367603143
2023-06-28,130.47674515148438,213.38970642059653,125.40738277450933,64.5365521354281,188.93883225383945,68.957098391988
2023-06-29,128.95366124293076,211.83538834527556,124.45059569910522,64.8565666921349,189.4356505595532,69.09802400728705
2023-06-30,130.3606275651086,212.54731291483324,124.34665239713547,64.81801929443425,189.8144759590542,69.16557033202474
2023-07-03,131.74833541739298,215.66977473664977,125.29699116714167,65.52123638614651,188.7883306173384,68.56764795573243
2023-07-04,130.04070803393304,213.83993918631253,124.79343553141855,65.44929362947,188.85768704963115,69.24711352869456
2023-07-05,129.36770470149753,214.5034583800451,125.78967951651691,64.83785869657108,188.21984706677438,67.9494280812742
2023-07-06,128.82033793263963,216.01577593576224,126.49046819032779,65.71536639020799,188.59272532669326,68.66715138962577
2023-07-07,127.50047028155824,216.48416001010906,125.2052084664874,64.84483636288526,189.10496278084545,68.5346683198806
2023-07-10,130.0691893696601,220.46512106583327,125.89256418343294,64.86804436486715,189.743794170174,68.45934390867376
2023-07-11,127.97486498159321,218.23948645367463,124.1623920284634,64.40814876095685,188.43929029479054,67.80874600826695
2023-07-12,125.24710273382017,216.72576924569657,125.74200298315792,64.38566510745734,190.93794208609418,68.68273103984073
2023-07-13,124.64184143964955,217.29358387991078,125.28782845105982,63.26722533585718,192.78224133440992,69.43414257670564
2023-07-14,124.83549348474057,220.27241298793354,126.48803779023899,63.138823667027964,195.03588759914248,69.0547755566254
2023-07-17,125.97645546574817,220.73316287603183,127.36914681023508,64.389996090643,196.7640616580347,68.45681713622895
2023-07-18,125.45927310732182,221.08173979909606,126.72483248812499,64.35822349236156,192.32488266514167,68.73781318015232
2023-07-19,123.90935959725458,216.92933548866253,127.18531488567804,63.49336312612791,197.15576493347302,70.1452139244297
2023-07-20,123.98946159216962,216.85050442874774,125.51174869344815,61.642409973596465,193.23704653835912,69.15498849730936
2023-07-21,123.40204090546676,219.11174361218355,125.15069312554292,60.59191082728931,188.95035862558927,68.78735923840199
2023-07-24,126.89748631193794,223.40258362644536,127.74571321649103,61.45871251891226,190.7176175580721,68.74317923863013
2023-07-25,126.50527626466248,223.24258784700623,127.6747277306561,62.95491225116343,191.11137511717845,68.66622770307816
2023-07-26,127.6605822873202,228.25623989352582,126.69616097661039,64.19064778704744,189.13898572528214,68.80013454449958
2023-07-27,129.3558021767671,229.10832008387501,128.6411963122399,64.04193097202298,188.87263665792344,69.62262862314199
2023-07-28,130.65731857247064,232.11228115266718,128.0630179921535,62.23272801958463,189.00982215892117,69.6766962649122
2023-07-31,133.21944924745324,233.89988253897508,128.78263483670813,61.94465669882407,190.4526017277407,69.0383613651106
2023-08-01,132.10396969058468,230.27869761643302,129.7128926114439,61.82221735110206,189.9619214569951,69.48676684395423
2023-08-02,137.00187206695767,233.411378354073,130.68447123585858,62.65036870472008,187.696047088585,68.44955706750626
2023-08-03,136.74576219080882,234.73904594006083,130.85895382778742,63.153133632489194,185.43440976253402,68.20452163671777
2023-08-04,135.43998114678453,233.4317194494756,130.22415633134656,63.82640348247513,186.6361596830407,68.81042371390527
2023-08-07,134.9121212840495,232.405457708278,130.3628969674531,63.86434873347208,186.35232209956297,68.69080611084273
2023-08-08,136.5618555534313,232.68272450353984,131.70237451739277,65.42038701871627,184.11305483821056,67.78620986188156
2023-08-09,137.62473345499728,236.993287707113,133.6370362790574,65.35859112557696,183.43131101032068,67.00002876106403
2023-08-10,141.10645462623611,238.8504287297843,133.87676488788193,65.80348619772468,181.99902635961286,67.29646969392468
2023-08-11,141.83730623779755,239.57036426126479,134.82645606145556,66.12543873425324,180.89921615573903,66.78717814552418
2023-08-14,143.36271925506063,238.3800063237596,133.57758088354174,66.20228940018852,181.5935267852915,66.62101651631835
2023-08-15,141.10278642499387,237.90076598822435,132.4560321606233,65.15093137912905,179.47563328447325,67.2009567239558
2023-08-16,143.19048976511002,238.12273674516624,134.52838793763837,65.8728563360621,181.27207235496323,67.51331151151003
2023-08-17,141.97261768386247,241.0466101392387,137.05000222947652,66.59687129103422,182.12361844061797,67.20500087795699
2023-08-18,139.7381205776497,237.19862932705107,137.10676262828838,66.24464089729214,180.27137948735398,66.77414099694843
2023-08-21,137.56022108701944,230.5717875700924,136.23146061991886,66.45806061124146,179.30371765018265,66.51299478528422
2023-08-22,138.68155887757382,232.55293843806245,137.22306337916066,67.12056838067018,178.50924175107374,66.25947687739912
2023-08-23,138.8814373226685,232.38753414343603,137.03962827427483,68.07124008647367,181.32857871664606,66.31703173018073
2023-08-24,141.7829862990742,235.76580930279547,138.45328503249087,68.8580040914928,180.426128707339,65.11232586631068
2023-08-25,140.38862091917758,234.80441169164183,136.18109189430498,68.35940307882521,178.46935900893416,64.80633200608673
2023-08-28,144.71588635000595,235.22354250689173,138.20662643412004,70.34617806234803,179.67153837962076,64.63575637920918
2023-08-29,146.19196374650997,234.8168939919544,138.1858997127095,69.43414032772299,179.4367197116046,65.53987984892932
2023-08-30,147.46134895386663,237.34319518249492,138.95245064533415,68.56943159570075,181.90669530366125,65.8273487672715
2023-08-31,146.75960927099155,240.6825139323806,141.6488450803085,68.69346803770898,183.00080249901407,66.18418465683031
2023-09-01,143.89810728091103,233.22245567358075,142.1571420877051,68.93522218995606,182.09726634367183,66.1544910845021
2023-09-04,141.6594080058606,230.0235794024393,140.19408509910122,69.369594140395,180.46932848555602,65.74082996202787
2023-09-05,140.2065620313265,226.67047702457836,140.99360703454755,68.52576023233925,180.7991622002184,66.87241549356821
2023-09-06,141.2435891127168,224.98231848934128,142.14499070347813,68.8302319649283,182.2779317224268,67.01869951178601
2023-09-07,141.4109961830014,225.15334367663655,141.16301575133775,66.92178553605363,183.63383629924962,67.28243247471782
2023-09-08,137.56406954491644,221.1683227382207,140.63654300506096,67.33651238012654,182.8083808473534,66.78658929778034
2023-09-11,136.48603527968868,220.30996807135534,141.1810235616561,70.01311620018033,184.2570506868111,66.78682307801343
2023-09-12,134.0927227950401,222.32339171833863,142.86374708312215,71.26037982231,184.97619383099646,66.6905701447204
2023-09-13,133.82414238083075,224.632859346939,143.73444866384057,72.26151208903215,185.41852477132042,66.59931733165101
2023-09-14,137.2544175597953,228.06415270539244,143.31122568292,71.00040921089771,186.7252210417559,66.47329945778775
2023-09-15,135.56440497747877,223.52865033024923,144.91377857649718,72.312067885393,189.11978639569836,67.6697745246299
2023-09-18,134.5817141063187,223.3999166449583,144.66226087397578,71.93760095322888,190.5345698738048,67.3293360980256
2023-09-19,130.90965754868893,224.41448099298674,144.40201068061722,72.56761953859966,193.06473438971963,68.7667338030961
2023-09-20,127.49706707699626,223.79259687557632,145.83951205030692,74.33430070563284,192.9158798204256,69.3194513477138
2023-09-21,131.7522714245585,225.1229176272391,145.65791308465984,76.41392903387872,192.5851073929072,68.69149281379636
2023-09-22,135.42279650662314,228.13827696184737,149.43772232049017,77.85782660457336,195.79658922077382,68.87216191688876
2023-09-25,138.22347737898372,225.51336754097744,147.83457950660235,77.69878311624643,194.16006679087505,68.71979888524541
2023-09-26,140.0783998263355,226.55757682266892,149.31074227989671,77.24496287498341,193.03542479679157,68.19220858715133
2023-09-27,140.44138673063503,225.45711403345263,148.78857677989774,78.08356893193242,193.27938820379407,68.24937869375715
2023-09-28,136.505775356489,217.96709146927233,144.8590078229474,78.52172871370685,190.70900926230377,68.36849645650138
2023-09-29,137.19861258864958,220.2043052733933,146.76166634946514,79.16308735268406,192.8338926729809,69.44960570658118
2023-10-02,136.8742524688536,220.22067691496264,147.72208653733128,83.29720188842289,193.96114152800095,69.56960876331365
2023-10-03,137.66234725439315,217.1502590565274,147.91012281731193,84.0703275215656,194.99774939086026,69.56965889990079
2023-10-04,136.31299485111938,213.7278149540175,145.76442733579506,83.95390951754852,198.3284832427977,70.33603747716374
2023-10-05,138.4850553708794,214.29322151693574,146.929078971801,84.21709361969353,199.49200507050395,70.24267378087642
2023-10-06,135.62933513872437,212.2951499000805,146.2752889134104,82.37370897514911,199.60881039386402,70.52958781620019
2023-10-09,137.47755091199113,215.65215184329458,146.68052070418892,82.94258880114567,198.8472340532164,69.94375952497259
2023-10-10,141.39054577786476,217.83538969276816,148.79606848926292,82.46363291862896,199.07583475511296,69.690117412784
2023-10-11,142.3192850069841,219.11391088755934,150.48904943255806,82.58267624847574,196.6667825345954,69.19515911215376
2023-10-12,138.99805466110632,218.37937050663817,153.14240960345265,82.33620855727267,196.13677714164078,69.44243496671288
2023-10-13,137.98106495386688,214.74726115246784,153.73616874405843,81.23265333760959,197.1537181728757,69.07965810292437
2023-10-16,137.6761256586002,216.0159934755856,155.83624848702462,80.74601724558059,197.13186277463925,69.39668049872787
2023-10-17,137.075754383612,218.8758555178121,154.89200880191302,81.08302803618497,195.81600973768104,68.63658489752682
2023-10-18,137.9490742593953,219.0715630462738,153.58834318715589,81.09375854686783,197.13368344496348,68.76536223737001
2023-10-19,133.6701594229046,217.42604925559633,155.3248962886099,80.63914551497427,196.50406626387343,69.21232523519394
2023-10-20,132.8955234684883,215.23223934500285,156.94135465182381,82.84541165841499,195.1349012721767,68.91473583042524
2023-10-23,131.6557837006082,212.22253169421526,157.03351517411687,81.64275537115401,194.8182209304321,68.08576887709714
2023-10-24,133.4751289636162,217.50652957860441,156.73686368529135,80.48478089121991,196.04778243646038,67.5143642781283
2023-10-25,132.9000800141433,218.55036770702176,156.684851625926,81.0821860997422,196.6640582839215,67.65437017760523
2023-10-26,134.69148745864524,217.28728739167678,155.78145161802354,78.88301634878516,194.82054492846234,68.71974371796806
2023-10-27,134.0884893363268,216.36967932998473,154.69855725106487,78.83443788709134,195.14132158261822,68.27580838433995
2023-10-30,132.8983572659359,215.79519505794036,156.14918916220068,79.35804926139055,195.72528222067018,68.71627979440736
2023-10-31,134.66460942223176,217.2285728706739,156.67576828734713,79.86777072467558,195.4015541523169,69.44776023801784
2023-11-01,135.55890959847216,220.87728962462023,156.68181772655294,79.47420069329814,194.81869450186505,69.62066013464961
2023-11-02,138.08350124737854,224.5560021816463,158.8148212176762,80.78610696526141,194.72137223635775,68.92346147168284
2023-11-03,137.9383585019747,225.00088653094588,160.91730253485136,80.05493697314475,195.90562791607408,69.47856693190438
2023-11-06,137.58350446217074,229.78553647380127,161.20024195808088,81.565260057943,196.37488091461677,69.8517159681573
2023-11-07,137.7403470098715,232.64326029139218,161.96577639408727,82.02788920997529,195.9327208648985,71.02324276903838
2023-11-08,143.08225389165838,233.74738305885398,167.81731374303888,83.84358343717696,196.91921309416585,70.18695286252253
2023-11-09,141.73531506146324,232.4742502263577,167.8814057184394,85.05798633300763,194.50037644652602,70.06316010226473
2023-11-10,138.59955119964337,227.62072890187633,168.8184360379388,88.01159192410115,192.04548379116122,69.94796669145417
2023-11-13,134.5545076413952,225.790451388294,168.21456132086772,89.6906635753445,192.34055445859053,70.58263366595477
2023-11-14,133.03425533421333,223.30958243867497,165.3661174163713,92.27327965934442,191.64665951039933,69.85488175997625
2023-11-15,135.44169078910838,227.16118064976024,168.47186083315324,92.38383014755824,194.8344085405894,70.23853481503119
2023-11-16,140.81497749561538,231.01740138964206,168.94716788972158,92.30661639826171,194.64350271538157,70.33977079843372
2023-11-17,139.01781927151106,223.98076111250884,169.32585779661233,91.04940199890761,195.4509996613557,70.3416855979601
2023-11-20,139.99690979329318,226.8236940358366,170.97082254795367,90.47087897614357,195.81139799772288,69.06408329597618
2023-11-21,139.0295547077706,225.639580610485,171.538810360972,89.95096865493093,196.13058832038047,69.86422459905086
2023-11-22,140.2606392291902,226.54815199227423,168.71556633071668,88.97527445653198,195.97747458328774,70.34496538032927
2023-11-23,138.12936003206428,223.54501936012457,168.79911977990525,88.28049053097737,196.19688337299866,70.38901182271144
2023-11-24,136.5733634003809,220.4157331895513,167.52280170881625,90.81139303447536,195.6832507011282,70.64019458657022
2023-11-27,138.96142844387617,222.32025754910634,167.7447494726041,93.80920878441579,193.82651578503982,70.36452491433566
2023-11-28,137.83001146990745,224.18558111431685,171.10472746629034,92.6973197614196,195.27966557193236,70.20735334664734
2023-11-29,138.4182092455346,228.63157457817732,171.13900958012593,93.31819678014138,196.2460070381531,69.94539281598641
2023-11-30,136.81026539898087,229.23034782149637,169.2490121335118,93.93183752751658,193.47674583557836,70.3355087952315
2023-12-01,139.30348996163553,232.12251322363431,170.2508267946917,94.93072183046327,191.42842594167445,70.3149811382266
2023-12-04,141.94896836732948,235.46804053276844,171.10931382581296,95.04944190417419,189.55543703924195,69.18399588957185
2023-12-05,141.17280201512366,236.45025629402676,173.1201770731365,95.61714553225013,188.40906428402158,68.6934314482937
2023-12-06,143.27011236110937,239.4839113079751,170.9453499577484,95.21229710122091,188.49776753323266,68.76960029469065
2023-12-07,143.27032523607056,238.1287099137689,173.43548290625,94.85841648858644,189.23145284077415,68.35525305280952
2023-12-08,144.5002017515591,241.61971401476913,176.06605997707217,93.83008503009052,190.1779566594081,69.06394452297623
2023-12-11,144.3484564264634,237.5568747849699,176.40269166125591,92.68318816563445,189.61134622990852,68.78776825878205
2023-12-12,146.19084937517317,244.9743700076893,179.86145486744354,94.64810057449407,193.0988374341772,68.59262348785063
2023-12-13,147.94969603767876,245.8454122010586,182.30132057857028,95.02535996850419,191.3757569764585,68.30462538402986
2023-12-14,151.12827778346534,252.45383032490943,186.14995982024564,96.62296984975224,191.34194044609285,67.41548588851519
2023-12-15,150.43007293493991,251.69113222841384,186.208468105522,96.83012415133872,192.04216974211494,68.0770057735763
2023-12-18,152.15417772930283,251.88919666796576,182.67199074710845,95.49886538128789,193.31456646627512,68.36313007567256
2023-12-19,154.80170412169383,253.27723874316476,182.06968253154542,96.2163150210751,191.42745718823906,67.63894655401118
2023-12-20,154.4432034714282,252.6648114486592,175.82787596192446,95.51693572910987,190.098198870062,67.98214884885668
2023-12-21,155.1405154104059,251.95778469361233,174.7828124039339,95.39689219100687,189.2292442682097,68.00586611861874
2023-12-22,154.79233131286372,252.44155670289027,175.99408355944476,97.84884627764573,191.17937319278573,67.87064561889159
2023-12-25,154.12180365365947,249.54665836422149,178.28022557109801,97.87774983972041,189.71869024910526,68.11481802089514
2023-12-26,153.86136058032176,246.43574595017932,176.21192351653252,95.67453073102608,190.65682323224826,68.36427338882736
2023-12-27,154.39242937018176,249.02256780186246,176.10452589844843,94.71937910272167,190.91394712747123,67.93325669312054
2023-12-28,155.0811949641785,252.0049546062372,177.97447215797297,95.38598701797473,188.30271193091872,66.86514029298914
2023-12-29,151.3808180842033,251.265151818178,180.1732300801483,97.56832413127592,185.3145217000507,66.9112290052016
2024-01-01,149.73255491400315,250.53063092500676,178.0992745330936,95.43094212754141,182.09072039366424,66.93253404643833
2024-01-02,148.90268827549602,251.14207857369817,178.20486474314717,96.24364258742231,178.01085270192033,66.31669177698967
2024-01-03,150.59548389131746,252.90772128510687,180.2698006497691,95.48347204957307,179.40756707135196,66.23314750267373
2024-01-04,155.15851654673125,253.86542069239135,182.33989065495354,96.30865054363849,180.61105073138143,66.4897753419183
2024-01-05,157.82751686124973,255.4048655305991,182.83106941085023,97.03804962197835,182.65751504411244,66.97842525530143
2024-01-08,156.9142539662191,250.5922544301533,182.75263789017603,95.35861592572407,182.40907312559483,67.85980392877009
2024-01-09,160.10586762912888,256.38068633949274,184.0739777526638,95.78711290200577,187.11817086548783,67.97893491214988
2024-01-10,160.02555916565683,256.1569149430849,186.15035109980334,97.59088207312946,189.1117045840402,68.10088167289518
2024-01-11,159.86633041176304,258.05578730708663,186.0431319179737,95.390694869273,191.14521657451903,68.39470962937739
2024-01-12,163.1541888240111,259.0902560733683,183.80339862532685,95.33808630826825,191.1401670876269,68.0482547535466
2024-01-15,164.89064282142127,263.4937983138564,186.10853334460586,95.26767308851588,189.73792547637152,67.84190648070025
2024-01-16,163.4221459126432,260.2660701959903,186.50588875862377,94.3032283349978,188.26172396317554,67.95488174388959
2024-01-17,165.94792297994263,257.3272356569259,182.92878807273866,91.83205331893238,186.8126113179542,68.3553062658295
2024-01-18,167.23747783535453,258.272294064256,182.7159548324338,94.76188250193933,186.6813130247355,67.86925818666586
2024-01-19,166.8830531440809,254.73857000595652,182.71219648962452,93.5893873729722,187.34465055615786,67.58433040261295
2024-01-22,167.36808065757486,254.69417701070242,184.72301418230208,95.19463260849,186.92216842037882,67.15131007096176
2024-01-23,165.45251311890203,253.15892163351378,183.0541959667421,96.25466118714068,188.8718527038705,66.61015782409204
2024-01-24,164.91473657246357,252.10599767234504,178.65768923382527,94.30286916014803,187.16792086103698,66.78172018689764
2024-01-25,164.78296297583228,254.36858969377775,179.3470627134645,92.82350854524755,186.36852082194446,67.00070704238534
2024-01-26,164.97166042263822,251.68015725697563,178.3945823128752,93.08204903972248,187.96157094616203,66.35019695912516
2024-01-29,168.42710538315237,255.53253444955288,181.04638027319214,95.36554163705664,190.07489931119534,66.39941044272263
2024-01-30,166.76037767049147,254.95112437372623,181.55765206136778,95.1137663549779,191.58239596998447,67.37491610300084
2024-01-31,167.40222160433535,254.31070257782903,180.4139321836802,95.87273792814987,191.4511345008285,66.9510410112426
2024-02-01,171.2152961738954,261.55069482941997,179.6486640829267,95.00102911361436,191.16593091095098,66.92369740370164
2024-02-02,168.46198801424813,255.9211431631723,181.0775679631442,95.42230924775478,191.89783945754925,67.45012300856672
2024-02-05,167.09125807895742,251.32800408486312,179.78362066472232,95.55458592047708,191.55914125538325,66.56979094724288
2024-02-06,168.83795771775812,254.30989082471442,181.25192146607787,94.82542906929184,191.65246693138346,66.03507213394637
2024-02-07,171.21527343329967,255.58633495397163,181.46609606503785,93.38178637730581,192.86165582351938,66.77724636113261
2024-02-08,172.1364051358138,257.93004630110573,184.8585056242898,93.28402212934527,191.73030871520072,66.30266107324022
2024-02-09,174.5503025460579,260.02346569922804,183.89765869143767,91.95976550783831,194.20112383920835,66.25816290416459
2024-02-12,172.90839114092208,257.4681469867915,180.06292430832238,89.2608207100453,192.05163589942813,65.90939492796785
2024-02-13,168.85850139472694,257.0919186011285,181.43354737594268,89.54234320315683,189.66013619260644,65.89800959234017
2024-02-14,167.5565962387808,256.7223998736162,185.5575662891437,89.27443952802844,187.89853292804813,65.5997086033357
2024-02-15,170.31455767685154,261.4167758028407,183.39629829440054,87.92809258472191,188.92620094051372,65.05191557778089
2024-02-16,172.418673337422,259.4287399878616,185.92696875594015,89.0788223222108,190.3127841597141,65.414382976826
2024-02-19,171.67746927248996,261.50685205240245,186.926545032055,87.72301969504537,185.76078651619673,65.16366616048397
2024-02-20,172.96816164309573,262.2491972176724,192.0806340246212,92.3969699296878,189.02400185532443,64.71081197000412
2024-02-21,175.2204996594382,261.07446927349264,188.91738182156897,90.24699389082336,186.77257409116547,64.40262762771917
2024-02-22,175.74521868958976,263.74312120225443,188.23641683653966,89.74026879811657,189.12783519796596,63.78571812081531
2024-02-23,173.959670484013,265.808216677984,190.13147431476338,91.05033999555471,188.95176543246984,63.884212226627206
2024-02-26,174.91360747218272,265.47402522290446,192.28909207346396,91.82407854149342,190.92739068817582,63.321122307888864
2024-02-27,176.10044082365454,269.0788927292859,195.9282147235845,92.22398647443224,189.88995611005168,63.450712379574455
2024-02-28,172.68203787987207,266.2229889596418,195.08030950869212,92.69676933927681,191.59223485271673,63.91957856596786
2024-02-29,172.99368996913114,264.00119626475686,198.5006779363237,93.08601760871723,192.83514969482724,63.76825128565735
2024-03-01,174.0430142040182,265.47166183486263,198.86696798866177,95.28908938210034,191.72190007054968,63.223058799909744
2024-03-04,171.97247315067867,264.5736824233478,197.0913064371145,93.82914451620813,191.6979005843463,62.824372528550576
2024-03-05,170.45117871203948,265.34551251867055,197.276388776216,94.4379634673724,189.7893046619647,62.20339976400689
2024-03-06,167.92892468964445,264.7461989276588,198.78985783642713,93.72114206573686,190.50234817689943,62.548686499173215
2024-03-07,169.8966434108915,267.49119533980354,199.58005750442751,93.47713361244996,191.64592650781114,62.65748394343214
2024-03-08,165.07234282126316,263.89401618228976,196.22610938837897,89.83896824025382,191.44113245874877,62.94681534155348
2024-03-11,163.90029988657903,264.53517329992326,199.45952720791226,89.89526042463505,187.93525397674262,62.487762072532156
2024-03-12,161.80005142576346,258.9153456935909,195.88502436372508,88.85017841027012,185.95673245164232,62.16322391268977
2024-03-13,163.4915912514312,257.8195619769803,194.13088780682224,87.66069990531368,185.28658611260337,61.67955134735796
2024-03-14,161.84060281051393,259.7379218509301,192.60568387701352,86.81217880099187,185.47876833879764,62.027705917768344
2024-03-15,159.89906506452746,259.9199761265692,191.77582785925563,88.25514629688905,184.82488771756556,62.09090763518653
2024-03-18,161.3111186463401,257.82258251803654,191.59752378733359,89.02505730397199,185.4269371439569,61.48252400338924
2024-03-19,163.31099214272933,262.32019069043963,189.84062364163245,89.16637553410143,185.66340434076773,61.19993542783569
2024-03-20,164.90749615587478,267.79097291030405,189.71362446897726,90.00171355812216,185.64350287956097,60.61511537655529
2024-03-21,165.7232810332313,262.2940370701885,191.38964011992252,90.90187052425084,186.51518672371816,60.352251783646075
2024-03-22,166.23138676296594,265.8462244685697,192.44807601477058,89.43713863484668,182.57853029195138,59.40812587256144
2024-03-25,167.68969112490353,269.5796050549843,199.13038501643695,91.2970713384148,185.68663507192858,60.02389219416364
2024-03-26,172.04648487620338,275.57203953386426,202.35601495352446,93.29043236717867,186.55359744305662,59.60388517315285
2024-03-27,172.20535248267643,270.8605981318811,206.29340281177286,94.54262265124464,185.48068808793104,58.95574583243951
2024-03-28,171.77074983309262,269.82010513172844,204.6620034742915,94.56597107984297,182.14428725463483,59.11784241126734
2024-03-29,173.4012938802534,274.08720929338745,207.81490523819082,94.08078425409624,182.41694315743123,59.92365211897753
2024-04-01,170.04414064399145,273.1912656561344,207.94619210756642,94.51228943461784,181.83447394819765,60.41641706166084
2024-04-02,169.25822133818852,269.7515462574462,207.38686002960918,94.34443717820696,181.06545483137316,60.37230675597706
2024-04-03,169.3241003142867,271.8835321049589,206.64835025881862,94.27834642451721,181.46501486144317,60.964572066561345
2024-04-04,168.04884697705876,264.07184998635466,206.62141544745543,94.87820587419033,181.9677965930339,61.163545278866806
2024-04-05,168.59406698230623,262.7112122734892,210.49771155002585,95.78133240634985,182.89777782019306,61.203141371449234
2024-04-08,168.99251564046745,256.7130057205724,211.08694750670648,95.07249760482446,183.44971290966785,61.65176102701022
2024-04-09,171.5704202787903,260.480566002053,205.31928914500796,96.04676390218147,184.02187682961724,61.5589701374081
2024-04-10,171.6214536945132,260.6053496892437,202.47370489786402,91.95356375605253,184.8584893564725,62.05456654069935
2024-04-11,172.00872019941883,261.36064357645415,204.31990054309404,93.47896340006331,182.20022916281596,62.203763486895284
2024-04-12,168.54467552076824,265.7719560990906,204.3262314344017,93.34793351712248,183.14990304827873,61.908246843380745
2024-04-15,172.5017535699862,268.13399882727003,206.50398205959675,94.13887573548541,182.45962752751532,61.20974714010819
2024-04-16,175.98696204484412,269.73290906250435,207.06230013574057,93.39670868570202,185.26869902880313,61.37711958674046
2024-04-17,174.5055789621927,267.6111897466309,203.714002636555,93.85988201027233,186.27240643076405,61.4260518125822
2024-04-18,176.16511668812691,266.7622079580508,205.25915400289216,96.2136106993569,186.08241223225923,61.1701820092892
2024-04-19,179.35408078597266,269.1133771095669,208.92104608067788,99.0658535888204,187.75771206826778,61.61481627310033
2024-04-22,182.16110578816588,270.52234383829534,210.85682020328568,100.47778169779538,189.17249758590114,62.20993759011658
2024-04-23,180.44398224213063,269.8840800102468,208.79997717396677,101.7061351038803,190.19462483959336,62.43587983508336
2024-04-24,181.8641178279854,275.90115379053015,212.22417143738684,102.27288558008988,192.78099443425813,62.09847165769941
2024-04-25,178.47628518246603,271.8534027641085,208.8904460706529,100.38749717462699,193.50850530710107,62.88370928694726
2024-04-26,179.48212516297784,276.23372898942927,207.8704478315405,101.01498427647752,191.12735463046735,63.397955563289315
2024-04-29,177.4464233554921,273.6284463871169,203.73141927809064,98.29206460166417,191.0625651777165,63.118070517070024
2024-04-30,173.6932904704928,268.625335731948,204.2527516561774,99.09781906017078,190.49273923858772,63.609481493454105
2024-05-01,171.18717246044554,265.2409032477943,201.57505960431718,96.20455036528851,187.5438167395522,63.15964865023177
2024-05-02,172.15641206967763,266.80134562143303,200.70245199047127,94.39964613269672,188.21458755614051,64.04243049406517
2024-05-03,174.43863701666623,268.67655906564374,200.00484928329092,93.38542717608557,188.03571243297637,64.44435477232544
2024-05-06,175.90989127620503,268.38779466373626,199.54000663262505,93.2182192483193,187.8714924922673,63.769386177573296
2024-05-07,179.17869920126242,269.628418945697,201.58694125985042,91.33290824587172,187.8410145540208,64.68551590709227
2024-05-08,180.83203428218513,272.1518964341507,206.40806007681965,93.99227398496517,188.94482144517272,65.72859033482754
2024-05-09,183.765824350609,278.02067601345266,208.0901454202347,93.81432417387794,190.99759165495533,65.05727116969807
2024-05-10,187.02295436372984,274.81165582074897,206.5359270130435,94.08132997882585,193.88951212993018,65.18156737000096
2024-05-13,186.98563494906108,277.48873550255405,205.30360700331354,93.58896048089015,195.5274000249982,63.929837845173346
2024-05-14,185.99328067891344,271.1050989047328,204.91086789000798,93.99007286068391,193.70251662640754,63.84691086817781
2024-05-15,183.57044943480847,265.3760851547039,205.72543226298689,94.72228027429111,194.69484536760638,64.28474314932443
2024-05-16,180.7927939951861,262.29046393145154,203.30830646461914,92.4471271099925,193.0999744487836,64.58662555894315
2024-05-17,188.26140453938686,271.4210882690559,205.12658561878874,91.79872164290668,194.40374332822128,64.69866647566035
2024-05-20,187.1369969140876,267.26130334860164,210.9729857539602,93.14826657032994,195.20507841939317,65.03761444970361
2024-05-21,184.1199191172781,265.10237108033397,205.9286338507156,92.55792799805083,194.99768585252346,65.04565291308658
2024-05-22,183.0109396575648,268.83293887557215,206.92663468524373,88.42872968832867,196.41797814758937,65.3754418393452
2024-05-23,178.90015557363375,266.3768908208687,207.70906324884538,89.97283355407156,196.15575213803626,64.94540533933571
2024-05-24,182.63032269667565,273.26560620822784,212.49574517812275,91.43154397819765,198.85898581139935,64.86322499883995
2024-05-27,180.94657568836533,273.87662175576673,211.62102927849455,91.72654390347185,196.45385534235913,64.46683490693599
2024-05-28,181.8307610894016,273.22348285390063,210.80613527168256,92.63215084922163,196.4355481369089,65.08816763976525
2024-05-29,180.4587905212342,270.4713640192796,208.24248966102925,92.45414546108859,197.92282166136022,65.42417647297067
2024-05-30,182.22447811841806,274.14728331428876,212.64740321316233,93.40705611090225,197.8682422328374,65.09180713995683
2024-05-31,184.7018713613839,273.7747031983699,211.09250726388268,92.16950350386482,199.62222450985374,65.3390183959349
2024-06-03,183.80309547049004,271.0588990994513,210.5631271236098,93.42433955823891,203.47917698424249,65.90165957989532
2024-06-04,184.1647408202487,268.2915580648522,209.29899190604198,94.56532130960728,201.87002136748862,64.65647003565181
2024-06-05,184.34900868193947,266.8707594751615,212.29362387275094,94.718633472323,201.6639963479944,64.53371452584864
2024-06-06,182.21877811320695,265.37364731347685,210.70678154332964,93.18126869851227,201.5544200646056,64.6662613275358
2024-06-07,185.04620237736458,268.0310790974019,210.66425738369057,94.22290292739393,203.00022455543584,63.397352550210975
2024-06-10,182.34306686660963,268.81681885642416,210.72558355045237,96.21905301880338,203.50258185895757,63.852732037228485
2024-06-11,187.47227529024443,275.1060073525733,211.30834999409888,96.93870606978096,202.57877157729908,63.300262695609824
2024-06-12,185.08289540392795,272.4719260048726,210.38923596319762,97.3147316509027,202.03451163471524,63.31592298327666
2024-06-13,186.71970676399417,269.83896397806296,209.63037012297627,95.76119919052098,202.3774460499651,63.38978118677262
2024-06-14,186.99836541856672,269.1894483861347,208.3572367189038,94.52689455106704,200.92665719969466,62.916856775612885
2024-06-17,184.20796876815487,265.1260221968521,208.30800675346973,93.94199599245948,201.21952411568336,63.322937096014634
2024-06-18,181.80212005865087,263.81525927279057,211.05331314437285,92.24059571441222,201.8988695019055,63.92718939828592
2024-06-19,185.09256322096255,265.61271649859094,209.69477621934067,93.360889209015,204.9590309486308,64.87482602627598
2024-06-20,181.29788071609488,262.9990330735911,210.3115535264727,95.73432954717583,205.77036747778152,64.65910079523664
2024-06-21,182.1814761706524,265.46282329284867,211.4266263589117,96.54026389190727,203.3034510639351,64.70408272949484
2024-06-24,184.08059171643126,262.72909135881866,211.96085573736468,98.29999686430473,204.6651120389479,65.76723313159526
2024-06-25,184.46398215598458,262.93430445276374,213.02579080125736,98.2856656514797,204.7859616696723,65.56445648822556
2024-06-26,180.66364988356227,255.6225117665748,212.03122159634725,99.9491759809254,205.2243864695738,64.99824494051126
2024-06-27,183.69178705577633,254.5486168682503,214.84821224205896,100.32963824553832,205.01596675392656,64.95112397087298
2024-06-28,181.93132286287658,251.0226418719407,211.47621008867512,100.24310199837001,204.102304691603,65.25565432619005
2024-07-01,181.28144252690356,252.69331001372743,213.1637194073113,98.5916758256513,207.21108957738645,66.2232126951496
2024-07-02,183.5783977274407,255.62617833673028,216.09265777376473,99.2816849752414,207.1671637919504,65.74917646522871
2024-07-03,183.9330367740486,254.81529890697053,216.44970035482163,98.21107512222666,205.73042809862986,66.14165669073535
2024-07-04,177.12360416398454,254.93812716872853,214.05832514633155,96.72895139723968,203.10114251571497,66.72184256629819
2024-07-05,177.0594628906298,259.27559119803647,214.05310055575046,96.60487282938463,205.75464425976207,66.96646142788259
2024-07-08,180.8508238365395,259.22352716919397,214.29688318478478,97.96569363148777,209.7371474279181,66.8263082253572
2024-07-09,180.4771095484376,261.5009088569085,214.19352080832198,96.6823902842825,209.19299138175813,66.44144892744657
2024-07-10,177.23345853526644,260.692310007375,213.47441757797247,95.86694872454844,206.6952027006683,65.99533302415388
2024-07-11,179.5431503818968,262.00506861510576,216.52352043796776,97.39581762208758,204.38448081474087,65.85138947692734
2024-07-12,179.69666279811943,264.4791929323775,213.0777817132213,99.54034189227374,204.94988568134107,66.3027521031115
2024-07-15,178.2486066898068,266.0101508767462,214.9074344704058,98.39223396808907,204.95629893411896,66.70330072302899
2024-07-16,183.60934372482612,268.1730841876985,215.80460070996332,98.56506989735924,210.2934031529199,67.03917817388187
2024-07-17,186.2726261301674,270.3265564112124,215.4469941413189,98.18635300771345,207.52495291025028,66.29198850206274
2024-07-18,186.97484537950191,275.5352913828258,216.64411958576727,97.76483490385002,210.31867974433527,66.53997089432744
2024-07-19,190.36552722210246,284.22091603770457,215.64321653774766,97.45498332908339,212.11894563725158,66.39790341439836
2024-07-22,192.41349642321478,287.0494680192079,220.62267413762734,99.57619490038122,215.12578568766887,66.24660771121819
2024-07-23,190.19873498073022,287.1442978367649,219.30868019039488,98.64249875652587,214.67550334305483,66.07325698736093
2024-07-24,192.92368025161437,288.9395477965246,220.07097550364583,97.44406898989722,212.8489874845676,66.118923001385
2024-07-25,196.1580706300294,291.23998711331006,218.57322378205737,96.37520160339035,212.03023917543405,65.97751817274793
2024-07-26,199.96798159253925,296.2680072629182,220.3616958413806,98.19783930228895,212.7214253029629,66.36506958950143
2024-07-29,198.08706322263055,292.3056863006126,218.9882632223565,96.90043442807027,212.2765639112041,66.40808528415911
2024-07-30,194.46081221709002,288.6265197263789,218.83291335894964,98.8304945899845,212.22481178078235,65.92037827459548
2024-07-31,195.96871110820553,290.10050394614655,220.60493707078624,100.21601721708637,211.93422169849845,65.26548091722776
2024-08-01,199.49387812959876,294.4660993769914,220.1878556410911,100.99859913525248,211.43192094737543,64.02825157288966
2024-08-02,197.4057642803503,293.6331027126611,219.073954848577,104.82702555827915,210.15915246609748,63.563852550663384
2024-08-05,200.809104135112,292.48630782857896,216.75352364761264,103.35586476754021,209.45819291291693,63.83472403435337
2024-08-06,205.3335446559209,298.10710447784396,219.70134315694455,105.54661754886871,210.20597079668698,64.0132769505804
2024-08-07,203.819027621554,294.7522522496569,223.32918664394626,107.30057203423891,212.72400863365115,63.65964493025
2024-08-08,205.38454558916936,298.16082137640484,224.49310097217855,110.47188869742028,213.13344952006062,63.09344691341566
2024-08-09,196.42041786474337,284.9236299593478,223.5958092639204,110.9211511986194,211.02836443738903,63.61542220558589
2024-08-12,199.56900670543638,292.8358500678915,225.15933741962104,109.27267126244001,211.65474004581452,64.30840411109709
2024-08-13,200.44352047704444,293.9286664555651,227.59072852730813,114.0258113695699,212.3915841786199,64.07492255698462
2024-08-14,207.2222171781688,296.33845230109904,229.29561115016656,114.25799309090557,214.337785630213,63.86539520601008
2024-08-15,210.75641545851548,297.86743089055324,232.46770750504734,115.93520581735352,215.8069102607912,63.82675139563388
2024-08-16,217.58292287310496,303.9526250494185,232.87206619482322,116.07669512250467,217.42403535286465,63.98409484345952
2024-08-19,222.27046794135944,307.8491055530248,232.04645607917323,116.00275109511682,216.34402935514345,64.55624726768109
2024-08-20,220.91644044858975,309.80758029153344,235.17588084388166,118.31253033087339,215.70775623894943,64.3967604315102
2024-08-21,223.44531226226783,310.0558138349641,236.92480570845652,117.23798663968671,215.3887103643659,65.15346209627758
2024-08-22,223.8567754505943,312.8093989824975,239.12608891018996,118.94252965555177,215.39102943818983,65.33291865215271
2024-08-23,226.53763964593088,314.14683719048645,239.28261325594812,117.06459182247922,215.11256418265395,65.55225154836987
2024-08-26,229.26777881429933,313.2319326487742,242.7898388205142,118.41328098099125,217.47989666989858,64.84779799822032
2024-08-27,224.8917642169829,313.25786952755436,242.27620457618843,120.60930778567219,216.56141842099942,65.39083118776288
2024-08-28,225.57470675701987,311.1147715767978,239.2536244905078,117.49190874622253,214.45116504794592,65.26927634460387
2024-08-29,228.4848761855047,308.6043593121225,241.9367739217486,115.97615198143284,214.43775745971263,65.19060002937222
2024-08-30,226.4244170086915,311.20164607862625,240.39195413374276,115.50250370025557,214.6401505179968,65.15837363720344
2024-09-02,227.80604052528838,311.0982936262505,239.29882340181345,116.99051142813155,216.63301938000237,65.44657414308708
2024-09-03,230.40279426869768,314.10023057665023,242.0022707744375,115.246946255637,219.66853445105193,65.88728161057973
2024-09-04,239.5937251843356,322.31483586070254,245.5833678499953,116.67168580323076,221.61831003658267,65.8280812511558
2024-09-05,243.19250788343163,326.5259784662487,242.55070623733002,116.09798856762504,223.00461666023082,66.63562791815981
2024-09-06,243.06158545787423,327.9428275305618,237.7415580358242,118.26296002272586,223.1826734254177,66.3714781434468
2024-09-09,243.0224635936074,323.0362269414395,237.15417680623472,120.65501812034108,221.50085028131443,67.37417416738037
2024-09-10,243.0567531061469,324.76061279386556,236.96483259998024,121.25386491702203,223.0805632107394,67.50636651066517
2024-09-11,239.2758512320158,315.13805950854555,236.47301502381353,122.33779548447812,222.28399430464188,68.41215022967666
2024-09-12,241.44418025829273,314.86751064229037,240.3995681130058,123.90920117163539,222.44178792290353,68.55630471056462
2024-09-13,236.80902434100875,313.9109176002381,238.2518859734549,122.81242737820318,221.02816934650804,69.0193929424886
2024-09-16,235.7383552952691,307.5257686001441,232.9628003877893,121.45413438425037,222.37140425332163,69.75124827735806
2024-09-17,239.63568006524528,314.7260209906715,234.9296315393914,121.06056514396164,227.2204391959607,70.53930402240927
2024-09-18,238.29322278325813,310.9870811291728,239.37396501909808,123.43596753248562,231.58177167582215,70.57123357011919
2024-09-19,242.68184206924477,315.13734492841803,239.9624468625336,124.14986617492144,231.74932650246498,71.13368821008137
2024-09-20,245.83477148128142,314.85755337318886,238.4320404286244,122.47485288936767,232.34674980211784,71.21962567427211
2024-09-23,247.79952150969822,320.4269683061658,238.07415708211943,122.12169320698833,234.50639977624553,71.11850766365869
2024-09-24,245.90685588831093,317.2854429064572,239.13154540531752,123.390559614517,233.4160227103153,71.18700596892018
2024-09-25,248.11659998201827,314.8646384088979,241.24264041043884,127.93536632640028,233.60193361487083,70.91010275309591
2024-09-26,242.25502196266083,311.91878442933313,239.3361040454047,123.57262042045289,234.19454162250463,71.97206217031066
2024-09-27,241.2548372166049,307.34411583554447,242.60013157585254,128.6090093377376,238.0031261032334,72.68616329433009
2024-09-30,242.82564806141457,311.4253559369498,247.60957259642018,128.21784516893874,237.66348171262615,72.60032668931576
2024-10-01,243.40816082713448,311.7089316268798,246.98040308978125,127.34580633185544,238.01499930742548,72.12911956325333
2024-10-02,241.73550472818556,313.25873906588504,244.43310382128078,126.98878061219608,235.95304718550892,71.85342666909649
2024-10-03,243.50013185646134,313.21078069617954,243.9928705239951,123.0467800080441,234.48895246163863,73.14411315140589
2024-10-04,244.3307378683563,312.77039608967175,245.6474442485988,123.72088740863886,233.4658651020951,73.90477902449655
2024-10-07,246.91636819617855,316.825873342302,249.83226770809733,123.37753857123373,236.98435392195591,73.81603884117109
2024-10-08,250.48227376289387,320.9048586324362,248.78873766896876,124.13436999969088,238.13318996469445,73.63617570009524
2024-10-09,253.55066969329235,323.7539058901997,254.49814021564967,122.96212404105245,240.1343334823597,73.67071784214865
2024-10-10,251.2195926480172,322.779438047752,247.1301227374362,124.38980976821063,236.6018529402687,74.21893318829007
2024-10-11,255.8950023031666,326.8367295013677,248.41761470101753,122.15765738958474,239.95064062412817,74.64044676088056
2024-10-14,256.9185917878671,332.30184190459147,247.3406363679743,120.76748976731213,238.11948064264703,74.2974557164619
2024-10-15,251.56472533032655,326.62218652602746,246.6657993063895,120.31188556790495,234.7114552850412,74.87734703569029
2024-10-16,253.04476853887027,321.7461651343937,249.12919308590008,122.8893377327293,237.74439494509684,74.50742482935267
2024-10-17,248.42015447584063,310.3665660394367,240.43759896084092,120.66141613540002,238.35629451384375,75.22848910551937
2024-10-18,251.10487889515565,310.60184198728064,240.67057221331507,118.13455456637739,237.4863445426527,75.24848749491501
2024-10-21,252.60450027114942,317.28684616017665,243.20358527116255,119.2426551459719,235.6486663643582,74.94886083414607
2024-10-22,255.63876936677556,322.6418208010355,247.90106094474362,120.7117750106613,233.84213785676067,74.86912444340523
2024-10-23,250.96715936607998,317.96191376747834,244.84518305514203,118.02404835672793,231.63258182904713,74.52834726737206
2024-10-24,251.5686489008924,317.4657674378563,246.22232280895304,118.40878284649817,229.30898459712193,75.25277897851416
2024-10-25,250.27783582461066,315.03522682433766,240.88763737981125,117.53918917958856,229.19724694704118,76.09482076482935
2024-10-28,247.56293950176692,313.8474585851821,240.32146245683623,115.87647516755823,228.41068887185577,76.34666176392514
2024-10-29,245.02013323650655,307.0163940036694,238.23970738421406,118.63765460571318,229.1623053420545,76.99714834330781
2024-10-30,245.15681179314498,307.8032554496692,236.7540897313276,121.81112991962162,226.8216757988694,76.40792097137654
2024-10-31,246.24708597455404,307.0939079813464,239.02367089258397,121.53921561133474,227.60766474702748,76.67950970598449
2024-11-01,246.82357232357316,308.879464760876,236.07735241048013,118.97979209621423,225.7889609798306,77.04366830230819
2024-11-04,245.8261660961958,306.31555914685083,234.03461872634983,121.94722815279489,224.4663314641319,76.62571608294466
2024-11-05,242.6413126995624,307.8034914901978,236.06925779728473,123.54100683950603,222.33419677746105,77.05405980072943
2024-11-06,241.9926698776777,305.54629912063467,238.5294169802068,125.17811200516272,223.4556906981839,76.72034705927928
2024-11-07,242.54663717194433,307.5497387834434,238.37647271422722,124.4954244947791,220.46338185520975,76.26748628281139
2024-11-08,237.66408753451134,309.33068375067086,239.40403506661815,123.7248471211565,218.66924919875763,76.24734903211767
2024-11-11,233.45076630662615,306.70043363161756,240.89152090592282,124.06836307613594,216.95825820242908,76.31876490347017
2024-11-12,233.63460498477565,309.45227256986067,239.0937100692743,123.19118851597918,216.4943544559832,74.97582844019585
2024-11-13,237.9138862102653,307.49927165716787,236.85283140765844,122.68511985534028,218.44739239073684,75.20774645222592
2024-11-14,239.58049304769514,307.88999770727315,241.80337923691815,128.51673255291075,220.2562705656371,75.22342392507008
2024-11-15,229.317507709391,297.7583170476039,238.2924798936433,125.08892071618108,217.77920944307652,75.71944197569628
2024-11-18,235.77919179576855,297.77984045217545,239.97117357606388,122.09941517051361,218.7251557854879,75.90039846087619
2024-11-19,227.73223787227343,288.496524623053,235.63594324493343,119.37787804108663,219.14176759669232,77.2666417958355
2024-11-20,237.66514107496724,295.59667590666805,238.16442443569082,121.26961042689615,219.76892635997527,76.78725934281944
2024-11-21,240.0304139244332,295.4150472685777,235.10185117029397,121.48408215517117,218.52724392744943,77.48014791784172
2024-11-22,241.377735388255,295.2297180329428,234.0730367147969,121.74104760553122,220.2828555438128,77.89306927313945
2024-11-25,247.9595677524638,296.8631490614704,236.4779093908696,121.40202078769377,221.54742321608867,76.87429911001944
2024-11-26,252.88195238644434,297.5456796331959,241.47558709357077,123.48215948214713,219.62559738801386,77.32176524136472
2024-11-27,249.91941119932824,291.78007125642495,246.78221041842383,122.36933645591537,220.7103560329501,78.09909712702947
2024-11-28,250.23142106797013,288.0223149413573,249.4068602835284,122.55612609362626,218.52377403609248,78.72683761386683
2024-11-29,254.54333774207555,296.62226596955514,253.8343564882531,125.93443136023691,220.36780019311485,77.80121780907538
2024-12-02,253.9304091134254,293.99852576492333,255.88361985545959,129.46506443895836,218.8344962324091,77.7747507658031
2024-12-03,255.62214037526084,296.53904690439464,256.1614460559633,131.2879112457658,218.31565265991557,78.03588127172448
2024-12-04,251.84158944535315,290.0431067387238,251.59919143709962,132.13576142850874,216.2827506331506,77.70801574294957
2024-12-05,262.52310987468394,297.4769201378092,258.17663745769755,131.98017152091884,217.9654767311346,76.29834097312721
2024-12-06,264.5173705930914,299.17596646673064,256.88026481205634,135.13863709514376,216.23074068441795,75.26093445319829
2024-12-09,269.0167205280514,297.87021840290055,260.39338257079794,139.47820989577048,219.58767183838862,74.91059613024608
2024-12-10,269.7861848930972,300.0834645183438,262.7241020535932,136.98379169563478,217.32522891503595,73.8018115140218
2024-12-11,269.06646892173046,306.33604609016965,268.07544148697974,138.55927906806318,214.18809708417754,73.49392862158898
2024-12-12,267.7059010411913,303.67328145711485,269.0961272597628,137.72550645541688,215.01336643243556,74.31883364240042
2024-12-13,259.63091897414745,300.1478588590197,271.5010102256567,139.7778644908991,214.4893106092796,74.41836178239636
2024-12-16,257.1166227906413,300.55580577808485,268.2015586292424,139.4462879014389,211.46705775807933,73.8571269736073
2024-12-17,254.53784595416963,298.5740545165675,265.28959656158486,137.64385836149376,207.05163144745538,74.54010756436504
2024-12-18,246.84761704855487,296.024511234403,265.6891958872198,133.9498006657366,207.34987966371455,73.83653953412056
2024-12-19,250.87283745999105,302.96104831370775,269.6170390663112,133.96758064289622,207.27031016415083,72.99099920054704
2024-12-20,254.50909932461485,308.52821575355716,269.02478693760855,133.09816976523194,204.31220618911703,72.140757762218
2024-12-23,258.4610112994691,311.8813391160202,269.6595790172265,132.49331059514716,206.68259321769142,72.11741353426844
2024-12-24,264.8178420758951,317.41783423687275,264.8787675958677,130.2373730264588,207.3412953929999,72.87685519476932
2024-12-25,260.5783997368792,313.1630690669512,262.1574255897286,128.36394366838937,208.32368945768917,73.81426012910816
2024-12-26,256.0001981607397,311.13630404091884,264.41794427642014,126.71050619633775,205.69140714063474,73.89550197369584
2024-12-27,252.9020810697911,304.6570325303778,260.76771978385864,123.6535505667644,206.34845885803304,73.50557849826316
2024-12-30,247.66293442364417,296.91732779995965,260.49446016823237,120.09902728954343,205.95099922302086,73.90881755894895
2024-12-31,246.9899867116903,292.8753466480885,260.7783604685676,120.07410927398365,206.83738137492404,73.88847977391325
2025-01-01,243.58349861896323,291.30617621113794,262.7282879700414,118.3856288125461,205.41629443644635,74.51228971400799
2025-01-02,246.36736055489698,294.0057390632106,264.4950741146301,120.8136304646338,205.27762940902832,73.6742892788819
2025-01-03,244.39802203481418,292.0277174082496,269.50776250007306,123.18135288686315,206.2782011414482,73.58081356108487
2025-01-06,242.33697905869175,297.2975600212695,269.94435699573046,121.00621066301898,206.22646374201435,73.60093145361417
2025-01-07,241.42802496926393,303.97803417256085,269.0246495402249,119.77433611652236,207.27089622551298,74.05066509750654
2025-01-08,244.42155136520822,301.7062171890756,274.04295459940533,119.31515479278049,206.23395539309442,73.99102842936819
2025-01-09,250.25842087966885,303.8475882726657,280.1319483077905,121.43007571654572,206.792476253077,73.57222542728582
2025-01-10,243.63167678080163,299.286003591778,279.9661402374621,123.0472041159898,209.2155441188493,73.71338451639501
2025-01-13,235.96768599490525,291.62946517076506,276.6165400736358,121.00889471479087,208.56886716704415,73.295415377874
2025-01-14,239.093481903674,293.08029413347055,281.197586387423,123.52214884809514,212.76988947462243,73.36489818612736
2025-01-15,237.43378443760065,299.17870658660024,277.5029804326075,120.9622344161294,214.6543132703891,73.61726764142664
2025-01-16,239.3786797992676,300.460288807983,272.96520191311504,120.31569172465449,216.76262207763853,74.22602631540406
2025-01-17,242.87370812493967,306.2164317717351,276.10957290436227,119.25584294730425,216.68793442708346,74.87233788785028
2025-01-20,244.15595744334112,303.71729124349247,280.0198326753979,117.65649745031124,216.65362581353867,75.3896702269106
2025-01-21,248.5375756271479,312.1932967990751,283.8808711660813,116.62166663767609,219.97523935616854,75.70969242776913
2025-01-22,247.649302840348,313.10432606195354,286.0473265384565,117.16842889472683,218.02092909620467,75.30126606709426
2025-01-23,245.0885984561765,311.29777402372855,285.4336561189634,116.16093216448067,216.94164192901164,74.84293763693505
2025-01-24,249.25918312384718,314.44642799038166,289.40133852187046,117.06022759603047,217.32051229999237,74.44558790743659
2025-01-27,251.4256512792102,323.86055948756143,287.92704931239166,118.38608832000148,218.20367806304256,74.90996928532033
2025-01-28,247.5249064164217,321.63393604630363,291.33663882782486,118.49844299898592,217.06927183638277,75.36635042821925
2025-01-29,245.54631066333616,321.5293533689147,295.4832317178376,120.00711786811594,217.16512310103556,75.57698322586872
2025-01-30,244.85580715433804,325.77350440082006,293.68381051084054,120.35085828668255,216.4092898194797,75.8976727993496
2025-01-31,243.12751484191824,326.0931335620032,290.6268466921399,116.83325134334899,212.599359987985,75.70505024839119
2025-02-03,236.2002741034552,322.6209149270244,286.7942125453452,115.00699063896968,208.97833833730786,75.80413896437835
2025-02-04,237.6356270648145,324.63771442498916,285.1384838577794,113.67481995030589,208.87152405754446,75.3679627185705
2025-02-05,237.31302774937265,319.46443381930675,285.1918510176887,113.28079487028596,208.11832919217045,75.14484334601487
2025-02-06,229.44219910688497,313.381836067636,281.787613368524,112.82464634497575,205.64231220280632,74.88744506899596
2025-02-07,227.79393346379237,312.94979702900935,285.25626274918636,114.10591137149707,204.9428013843868,74.19530558303582
2025-02-10,227.3903803488627,316.1683425903121,292.8207083658551,117.19819155266902,207.0553211386172,74.50186100984845
2025-02-11,229.66984622438582,317.48961715609397,291.2419067291037,117.10720719953548,205.38297870750964,74.814080154715
2025-02-12,226.0024580592267,319.39331105564526,291.92764146723937,117.09687294839983,204.6888414830327,74.31335567802525
2025-02-13,224.42471873739916,315.9649443040768,284.22721005411984,117.49687544757805,203.88871583193682,74.80861964825388
2025-02-14,224.47331387063744,318.7868538168283,280.5601094911245,115.5810998555444,204.35861093826088,75.68864985325911
2025-02-17,230.3471998218576,321.6762473732845,276.82199942593184,115.73311774216997,201.22752140536713,74.94961975352757
2025-02-18,227.48175897633993,327.09246900175526,277.70166987467155,116.67497299342024,201.52066122671886,73.94789300154201
2025-02-19,233.58304586458613,334.5594306561476,278.0354697695682,115.70579027793029,201.48762122389616,73.97278342729331
2025-02-20,232.13792757014,330.3259716098814,277.38313857786113,114.52483111788987,197.69052947683696,74.27267083831072
2025-02-21,229.6953997186033,330.36787506928346,275.82355592037277,116.7032340523414,199.18818354247023,74.70684489465127
2025-02-24,234.1317855321935,331.47998941476635,276.2791407205161,113.6335535179769,199.36805915882636,74.40923723634731
2025-02-25,231.49070474756994,327.2629408089752,276.567362686342,113.72026271348389,197.07116873355668,75.54643389281289
2025-02-26,234.72582317174408,328.8802864563366,275.2654640126262,112.70552861877535,196.7444204792401,75.13731568141321
2025-02-27,234.74175662807346,325.928394485964,277.787622464398,114.00799601892739,199.55062398619825,75.4456821573954
2025-02-28,235.91008460337835,324.92932654130607,271.9938960083436,113.22741283219791,198.20198999600584,75.4320539061938
2025-03-03,226.58163862580315,319.9825814062123,268.88546933721864,110.02150803731136,193.1276618558669,75.81473929476692
2025-03-04,229.1314115790815,321.8706958612898,272.6742054577998,111.18056532124032,196.21215000715947,76.11189694995464
2025-03-05,230.30436301550802,326.02325770436903,272.43579395436234,111.75613599956164,198.23905930105826,76.17892456126862
2025-03-06,232.66987369500822,328.43432727040533,274.0696476465825,110.92821389829439,197.24661498360055,75.75876705567609
2025-03-07,230.10524528826122,325.8192830004633,270.2632690468862,110.71144865931632,195.7267698231921,75.53309148235547
2025-03-10,230.09575390262154,323.04129012042773,267.7388391211348,108.36208594541496,194.18840291895668,74.94018380243608
2025-03-11,225.53039141777552,318.28903850579565,262.8053024886406,107.69530712126911,194.9922217752391,75.29984366060815
2025-03-12,230.40465780251205,323.9494410648982,264.6580001771409,108.09309292379685,193.22476867323962,74.85162020074412
2025-03-13,231.39363419587184,317.5478744254691,266.7911771047284,110.1319787580796,195.95200941245162,74.81039556264375
2025-03-14,235.1362392690489,321.71394743035904,267.57797853556934,109.70469494915335,197.23811921883006,74.16215311922197
2025-03-17,237.09127439783083,331.30013353368815,270.16647191612833,109.97311386560595,199.95410812527865,74.86885638181118
2025-03-18,234.0613279428303,326.37874340686733,270.6901434905345,108.72819460744006,201.4827418501885,74.72163250521821
2025-03-19,232.29480375290623,328.459806151976,270.8317718138148,111.5852993123063,202.442812644868,74.81520644633888
2025-03-20,226.79098880795027,321.3899011422481,269.087777024273,112.37582392137178,201.00559128823582,74.80544440772562
2025-03-21,225.41025079233202,316.4892296841477,268.7352409983198,112.27919533171733,200.49182945533602,74.90545834284956
2025-03-24,225.99796601893846,315.9091985721275,269.19950309945074,112.63351370031124,201.59415153752386,74.35862146042425
2025-03-25,228.72988415713215,315.08337222893294,278.6708523293945,113.78930131271022,204.5096337198398,74.254540986291
2025-03-26,236.02025246948315,317.6484925019949,289.7729490699044,115.38974780499964,205.12036177028713,74.62265732771388
2025-03-27,233.485196386073,319.4741174429636,284.6636998276371,113.01905122496488,206.23409501002365,74.12440391581586
2025-03-28,231.47250134119906,316.1957544683405,286.3466394058894,116.95528150813466,205.143802304082,73.92776267563862
2025-03-31,230.22823737767732,315.4353942157177,281.1510719433978,114.0684065665056,205.470575307366,74.26409273326384
2025-04-01,227.3859763266927,311.0812107370018,285.3434507904272,112.14133990238273,205.3138554455303,74.54706348089931
2025-04-02,226.41900025964406,313.98973828214054,285.26228491370637,109.66099780998539,204.11293807354298,73.98054475361576
2025-04-03,233.2011577193056,319.8898960503136,287.4550117075315,111.99762412442163,203.54280123809838,72.79490525504907
2025-04-04,230.15027809271714,317.90374060325627,292.1498437298056,113.37701657019225,202.47728478272558,73.08962971319679
2025-04-07,232.46666928003788,319.5717054299274,291.66556317219863,113.04257033372892,204.91373410685787,73.35385188494165
2025-04-08,236.10636281926554,317.9229399858656,293.91546115382187,113.01079080062338,205.5202325826372,73.09862884730754
2025-04-09,234.5850906950986,316.80914934712484,289.13262347612397,114.35836800540338,205.5772351541986,73.3527607286108
2025-04-10,237.1310446585894,317.6514717924987,294.66330504717496,116.3623243423364,208.2556064894786,73.34275704763577
2025-04-11,242.71875689505458,321.94988689552434,298.93604717737537,114.53416069542392,207.64845399638773,74.44918912544208
2025-04-14,246.98030084978956,322.1946117733797,304.4960494267518,118.01293759894206,208.17036638524178,74.27453808060514
2025-04-15,248.49379625186324,319.7716770228714,299.69396227346556,117.22067590270477,206.1007564818214,73.34027902220153
2025-04-16,247.70742239874738,311.62232130506237,298.5913739723966,117.88965995778828,204.2287561652632,72.84604944366887
2025-04-17,252.49090063093362,312.389530425286,297.68080804252736,116.98643762848769,201.60199588094838,72.66713250783492
2025-04-18,259.06008984872796,318.09267438305505,298.1402627778371,117.05838835651879,200.82824552212634,72.85523818969699
2025-04-21,262.744514898286,318.7623087902351,294.78914958995813,116.87602106457702,200.0913221888807,72.85600206045518
2025-04-22,260.36739185017126,316.38482454527656,295.11143012901704,117.43631994768079,197.91164313036631,73.86846660093143
2025-04-23,267.07759713467846,323.25656296945,301.9730339019517,117.96963453437289,199.37825533311414,73.52967000140757
2025-04-24,260.12735417855026,318.84267952263684,300.7324948438127,120.58613813805589,199.7676634009472,72.42213565084813
2025-04-25,259.2810793663458,316.97717022817517,301.4687409707779,123.22936123080497,201.2733410827919,73.23323126697701
2025-04-28,256.276883273166,317.3320925952566,296.0135033323225,121.5318771509779,201.0191588848036,72.78413421210831
2025-04-29,254.96262572446713,317.76749400898746,300.8141039171503,121.6886825906631,200.23528774469742,73.40184116646974
2025-04-30,252.3825803778782,310.6335498453448,300.7938861298646,120.45467384575838,202.20305851756297,73.282371770751
2025-05-01,249.11961771460747,307.96131734680284,295.8143693687338,117.6517890140901,199.5796755944126,73.49891133748658
2025-05-02,245.66858506322063,303.25180176952034,286.572385138234,116.62222854547294,196.0198839124554,73.13822417855484
2025-05-05,248.42066601486195,304.9187516317449,288.57514259976176,115.46028567244713,197.57853366864157,73.40659658231611
2025-05-06,245.0249894471793,306.00383519800647,289.326409711149,116.58138287900708,199.89163306335968,73.31059067329927
2025-05-07,250.02035294175576,309.3373148040574,287.5911700628762,116.5473383421052,199.3048056500017,73.52811914349813
2025-05-08,245.62439412166526,304.7343724459461,286.3450502520463,120.99848675104649,197.1881466281197,73.34652099328818
2025-05-09,249.2895892837827,308.25774839256576,290.20094067249875,123.98577312965797,200.1378810090043,72.94901350542119
2025-05-12,246.46925579101597,305.9231380446639,291.5603281024113,124.62145426069483,198.9919704881246,72.16527129936826
2025-05-13,247.19620552970102,305.7246314046325,286.4436722017107,121.81739716271385,200.59706815965487,71.8496659154341
2025-05-14,247.41034364141976,306.95774116510466,288.924053669597,120.13533436119782,202.86364149564068,71.64075201487714
2025-05-15,244.64261733476508,304.56364477357926,295.04866651115833,121.53982567827676,205.6752383498499,71.62000142374794
2025-05-16,244.68483574363972,304.69949632658466,300.5140096079841,123.48324536988655,204.67800691635125,71.10784931715337
2025-05-19,241.1417317346271,304.95703584020305,305.27867335682816,125.86560179132871,206.88938036037467,71.75265558408867
2025-05-20,242.30560202091982,311.67984750312354,308.1976471560575,126.47101027632284,205.84392173420306,71.69992065881969
2025-05-21,251.81766977112707,317.42422405027133,311.37011423001206,126.34065680350886,206.80429234946703,70.34656431446174
2025-05-22,256.53674626560144,321.678055251002,315.7393525680138,127.59361812128725,207.91901045425533,71.18153044976457
2025-05-23,258.8308010948059,326.63807049086284,315.334453109363,128.57717888331047,208.7488639553828,70.62819834063977
2025-05-26,264.25018341772886,337.01824660248263,317.337613587665,125.97370429223577,212.23259194403695,69.76571713685381
2025-05-27,269.23333720526824,343.9155342748186,315.6180082451623,128.9804154620772,211.0238529930925,69.16095979467384
2025-05-28,269.42459692601517,340.59440382868917,317.7001427394097,133.33022943491514,213.9491751566249,69.35016478694585
2025-05-29,276.66075099128443,346.3692313610828,321.6104766049325,134.49360913733372,213.36141873591924,68.99873773840997
2025-05-30,274.4942773925807,340.2138010401195,321.41280272858415,136.39279598050658,213.92668304356067,68.20645514931172
2025-06-02,277.08134548007473,343.4952693641223,319.16465127634086,139.49540524844494,215.02412897167704,68.72287273841758
2025-06-03,274.51315292867366,338.36135160557785,317.8353126340543,137.5392909939123,214.28953598900105,68.64348581459933
2025-06-04,280.88379555512466,344.18269513933757,312.45751955456285,135.73415986896046,215.15432098496774,68.47492289658612
2025-06-05,276.81074953574233,338.84381977954934,317.57724291111424,135.08249418315674,211.71594362925921,68.48440717083444
2025-06-06,281.00882396083114,343.42572680659003,320.4796692910792,137.07914564742393,213.42879755220642,68.87920438843258
2025-06-09,280.33515907250376,341.9974599684304,320.4828241264783,136.25191623703958,214.44751049757778,69.66414390273921
2025-06-10,281.0876102755892,345.1103578929835,321.38539012258565,138.314779893172,215.0831074360367,69.68305870801109
2025-06-11,283.98574424736336,342.43406144920607,322.26111743774317,138.07752609324353,212.6532854523321,69.49145180760738
2025-06-12,281.08085173482056,340.6545597383619,320.7112911337317,139.07787167236773,212.00517768673942,70.09060086106604
2025-06-13,278.0624863093602,342.69369339782236,316.19054173045646,136.17859815776058,209.2605802357029,69.89068091974903
2025-06-16,283.7610867098147,347.89491098525235,324.06783345455744,141.38179318487155,209.3751031367709,69.31801731195547
2025-06-17,276.3170123874009,344.09916132152426,320.691383597715,139.9549290460403,211.6464459309895,70.07723471609513
2025-06-18,281.00848145363625,355.6504979636786,326.7548935802478,141.26315974987293,215.05472006108934,69.8782934739818
2025-06-19,280.26587375873567,355.25435484334145,329.3317689845546,137.87260961336912,212.9722242206016,68.92250689478263
2025-06-20,281.8887830231035,361.907442274301,326.08833879152013,140.22014494463681,214.1616130830569,69.48942700532014
2025-06-23,279.11537473494553,361.4035707424146,326.7964313796968,141.20160143629016,215.82998276349457,69.72954786744822
2025-06-24,270.31248843311147,345.6326341142338,318.56606809132234,140.0207908460169,210.1341138142098,70.07888362625661
2025-06-25,273.66346144331993,347.02977021689037,319.17191340387103,143.52460087114108,210.30121340602648,69.92820565009542
2025-06-26,273.0965194816469,338.4721559960695,317.56396567283406,144.06894779502198,207.80621538444163,70.86211398521208
2025-06-27,271.18948711283747,339.04434796703777,320.35582391368496,141.94124007275533,209.95368028322974,71.5634292525108
2025-06-30,271.0151399322619,346.815538081013,312.5983690616816,139.54176743488162,208.4829397093953,71.22291744372643
2025-07-01,267.9580082184836,334.975807714215,310.14346421275525,138.614042756008,206.19620893247412,71.72706143776094
2025-07-02,271.9583917099537,341.9833058846979,313.08827507499393,138.30475892608,208.24247246268655,72.00237324237533
2025-07-03,267.06682631653666,339.2564490645375,310.94939815302,136.80854830341093,207.06836389947154,72.33474594228751
2025-07-04,262.9998380992114,333.842489404764,306.6964759668856,138.26197928838397,205.80557541839056,72.57242768137881
2025-07-07,257.4208765851832,332.3782321465432,302.36779066036456,138.61067169968103,208.041604591684,72.48232358549429
2025-07-08,263.14287390448584,331.8066374593656,301.8985254480758,136.7731180515617,206.99142688250487,71.10358391139721
2025-07-09,267.41400567221206,334.50179344787756,301.38019666663496,138.67190497748706,206.44473495660722,71.4545230214308
2025-07-10,265.0424369566974,328.3051740046042,303.64333041179617,140.6703678323376,203.0181170695185,70.68073381490501
2025-07-11,265.91911950026656,336.60272147978196,309.55045683728264,145.89919977182774,205.60166751771325,69.81920301738961
2025-07-14,271.4874928638543,337.81337635259575,313.92037576547017,145.52275043007361,206.0634192468211,69.63368918971791
2025-07-15,272.64900529349865,335.389788740457,317.2066364783596,146.24363959352254,205.7946070483524,69.43175318880483
2025-07-16,269.3178711305032,330.70419035803667,322.4688477333574,147.30728503928444,204.44476811033496,69.38488142559635
2025-07-17,266.2055196613687,336.2751130341709,329.31884598198627,148.45642475382775,206.76692159285864,69.60298139644625
2025-07-18,267.3372915488289,333.88000473884904,336.27215581624847,146.14518983694495,207.54693162864496,70.16867259085481
2025-07-21,265.1351777339875,330.48571508954524,335.2361831796803,149.812849744306,209.42122577517463,70.75308419653145
2025-07-22,267.20876054730905,338.4686364219924,330.57861084673465,149.74471694300567,211.55617466528963,70.95858630661031
2025-07-23,269.4991047494427,339.4735514732398,333.75734468818547,147.19575648553257,210.7414799376177,71.49034505215764
2025-07-24,271.79101241083214,337.5935423210384,330.52647711975925,145.88163765378042,207.60137780822959,71.3536734644512
2025-07-25,268.00665939318856,335.27296890304063,332.07465040503627,146.45181735882917,205.2509515150767,71.03493175718405
2025-07-28,271.5184188696264,334.71556031880584,336.06914971393013,147.4240547423306,206.16194117629297,69.97817402691497
2025-07-29,276.53174961458967,333.1011848023111,334.4208769983815,148.64282825011583,211.658562550894,70.67893119794589
2025-07-30,278.4619873433091,335.48061114690995,337.26641517150915,150.90580266838447,209.1319386474417,70.7773855060603
2025-07-31,275.5376828539065,331.4922267259147,336.8691437291058,149.2283353761569,208.61504916681358,70.74335109013688
2025-08-01,281.71867995758004,331.45872762524726,340.173290626848,151.57994629420492,208.2116586560634,69.51791803240124
2025-08-04,286.3329113902939,333.79960718798696,345.43151950281845,149.3109352350425,210.0429120791196,68.2842591227815
2025-08-05,279.34860305706354,328.5775212222274,342.9354898642725,146.87320121628827,208.02271601774098,68.71880535680627
2025-08-06,284.2625585620322,333.69451757267075,351.5294315220563,152.05845014529328,207.57773099179371,68.69745644722042
2025-08-07,287.25441930782733,340.0395999786854,353.09829912693624,151.39639720789148,208.87591386939567,68.53574691558875
2025-08-08,281.34536315811397,333.56730393146006,351.3801812853719,150.2225756911943,206.71784446802738,67.9293222572997
2025-08-11,282.1853740167906,327.7598887312263,341.63497164231035,147.42380903571782,205.42953891426865,67.40854288166084
2025-08-12,288.2435081035723,328.12028534599284,337.46151530819526,147.36040985934974,204.81895426193228,67.45771350479248
2025-08-13,285.72091521708853,333.3198219275645,338.2292325904684,152.60857269446598,208.3060639058597,67.99849065587125
2025-08-14,281.5548503508859,330.1407807330132,337.03514770589254,150.32493933114768,208.16428964225486,67.9740018153293
2025-08-15,285.62818788115084,329.96306714837647,337.42320856245703,151.45297026411913,209.24500506064896,68.02718895160062
2025-08-18,279.81063467767945,325.4956795818101,334.5816721242434,145.89285265948453,210.14879198948114,68.17025400951653
2025-08-19,272.7556105888152,316.26709945667676,327.9567176510855,148.45223486804008,208.79023525021987,68.64019268999624
2025-08-20,277.7527802609571,319.85527837350065,325.1504028983005,152.30185102543942,210.53873943771669,68.69676960193131
2025-08-21,278.6891206869373,317.9339865737879,323.49035984298547,149.36999147090327,211.9816542188749,69.26544874239296
2025-08-22,274.79644015212557,316.0657999901706,321.6970809485056,149.6457968373852,210.81885783654033,70.22171623168498
2025-08-25,269.58240363255055,315.8538654687548,320.13746206683044,149.02610338947946,213.33094086016797,70.26292908368777
2025-08-26,266.1387915884772,315.60054909890636,316.13574557786825,144.288127446327,213.39533176209878,70.24632526242141
2025-08-27,265.8901906688488,320.29811177389666,317.57811040722237,143.9027158820644,212.93605028098128,70.09104845593419
2025-08-28,255.0792122463617,312.74963466955387,313.0389708189226,144.6247291381815,211.64342601674656,70.19969889579045
2025-08-29,254.91058323517552,307.7194669509175,311.00644634653645,146.9248310291536,210.05008225519387,70.18229848687436
2025-09-01,254.2123487230518,300.59925879063763,312.76614393802873,147.713609324449,211.93270073186815,71.1679912109705
2025-09-02,259.81217308763655,307.5750247926058,321.0151259740845,152.0884443013994,212.98301614279626,71.6644119570831
2025-09-03,258.4445184698708,301.8307712807998,320.45177528787383,152.12368222269703,211.33873388067911,72.12352284319537
2025-09-04,256.1482167599082,299.42399360374174,319.84806423438334,149.74248884650703,210.93078921821754,73.27358146486915
2025-09-05,254.6297655868369,302.1916124847581,323.22119648593605,149.54163357224718,214.77466751036,73.77541542295393
2025-09-08,257.37224613034033,304.33979553091916,327.0459534352769,150.04568500700793,214.30326373388203,73.58083213031712
2025-09-09,249.7942638129481,292.54966515981783,329.74916961219424,151.15467578685445,214.2814115201611,73.31124083608807
2025-09-10,249.507257262906,292.7925160165649,325.19646392789394,147.77615460018959,216.9147318495385,74.17146995731699
2025-09-11,251.41793129444127,294.1131686679565,323.0702723847973,145.26963574515048,213.3677190049249,74.68764895760701
2025-09-12,248.76664946469327,289.4035298085143,323.32864836209444,148.76221893116596,215.68956559810397,74.25362876007182
2025-09-15,250.98661323435996,301.059662461551,329.30192923723257,148.0019257469999,215.96160695531097,74.0634499563969
2025-09-16,251.69705150620766,301.95780413864014,332.6131197328941,152.08598770880613,216.18225953649514,74.05914299241076
2025-09-17,252.81765970072482,295.8962731462293,328.2097656772739,152.71400530506025,213.34924624842904,73.29916670165872
2025-09-18,254.28208513688335,301.096177313464,334.6874091047287,153.1228396556312,214.3270991739716,73.54785737707414
2025-09-19,249.60499425853615,294.39471286683704,328.20079487451767,152.00079067084417,212.32851081825584,74.05272507851268
2025-09-22,249.84213746435262,295.87129178904434,335.51742725176973,151.79846922809224,212.48493168303438,73.61068118280461
2025-09-23,250.60674776639954,298.8505053769863,333.92211724567744,148.98600050467627,212.20855643182384,73.55423118996062
2025-09-24,253.1440617212667,300.57094649032416,334.08889333208083,148.61232731221173,212.02907861170135,72.59516560587353
2025-09-25,262.98982049150635,312.8538745660865,344.3255714252598,151.92241213080322,212.89374945844543,71.6542447452714
2025-09-26,255.01249374722883,306.9611212662417,349.78473469113845,155.71459187502066,214.095017401848,71.72248430115678
2025-09-29,256.9778574207632,314.1513201078544,353.99233640415133,155.54821276368654,211.61245494469958,71.44570445906085
2025-09-30,258.76508488247606,317.5602785982172,357.4843504241169,157.62999461338225,211.64783257856053,72.0017197766277
2025-10-01,259.0516123256265,321.3446136718023,364.041879051254,158.1585141756404,214.3888526453837,72.42817503703567
2025-10-02,258.78993062033476,325.35886894583604,363.81718553714495,159.6873072056675,215.85372570117613,72.46246646803817
2025-10-03,253.06212244088155,320.5487094857671,362.1962395237638,160.13507988013944,213.66446044857972,72.54610704415785
2025-10-06,251.9162163259997,312.07655098505364,360.62669827255814,160.94273316610122,215.31087824291413,71.8062947814968
2025-10-07,249.65696651391588,309.19830296660626,363.8695499643921,165.57787030677028,216.69303326441437,71.48289774083084
2025-10-08,245.824055056813,310.7045169385975,362.7343478419794,163.82785612766338,215.7949641764921,72.39646420935524
2025-10-09,247.26450383486258,307.0707852082772,366.4015213316608,162.850866991067,215.47090285022554,72.20576244169561
2025-10-10,246.76777907707813,313.77598860222815,358.4732518764093,160.30740534535562,215.30865148049952,72.52971033058552
2025-10-13,250.93606388091771,316.2284941270441,361.3845807294821,163.08537679815586,218.047843439824,71.85358645908292
2025-10-14,250.18163544612227,316.39371328480246,372.6914715042275,167.32285480184612,220.021798747529,70.24039838652273
2025-10-15,248.28885251302006,314.84165785455957,373.941904363096,169.8569160761411,220.61544423386664,70.00976883742814
2025-10-16,255.03080804005373,320.1329797225693,374.33809098330687,167.65130428625375,223.2931579721513,69.51929061885942
2025-10-17,255.56914865432938,323.7981267511219,374.3332291299774,167.81367198676807,221.08839946793822,69.28247848920569
2025-10-20,257.14426921475956,325.36546888486356,380.42716809487763,170.12098893675108,221.87684748020905,69.21654883476826
2025-10-21,259.12440999827857,331.5496965442261,389.2775545966658,176.1389151521788,223.9590926382918,68.67209397683403
2025-10-22,260.373662528097,331.222227306432,383.7888577144122,170.78248455475136,225.82325663529025,67.84841391419755
2025-10-23,254.88331603864,323.56736539416863,376.9970629037938,167.85710140173973,225.9234498852697,68.70491613641946
2025-10-24,254.19698865830006,317.5697627264455,377.21364475720844,166.0082825981306,224.39117803148355,68.43744007697043
2025-10-27,251.78600744169177,311.7024177967661,380.39014880993807,164.27842461823818,224.34761842741557,68.66415843784819
2025-10-28,251.6762261480886,317.35875332405783,374.85069022649924,163.57624082111371,225.51380528543376,68.94858116954462
2025-10-29,245.20898448443856,312.2077056876842,373.26775252147223,163.80138067714182,227.38201087583718,69.68603549433028
2025-10-30,253.26813157989284,322.0083856797771,382.3460556315511,169.80538467335884,227.52850299892793,69.18515907110282
2025-10-31,256.08160762832733,321.90248022856855,382.2752233101428,174.1106790380852,228.28906850116593,69.36843860963944
2025-11-03,255.17803756305614,326.7367679732991,389.82146433022257,173.17894425798477,226.89794085387675,68.25793003686135
2025-11-04,257.1995925876252,329.7996961296058,394.5391096084387,177.34400598200264,224.91554283079154,68.67149185692625
2025-11-05,264.2394620344274,338.0048641619002,391.39302403092483,176.5389341641429,224.74474124109244,69.3069249547536
2025-11-06,261.5529755591219,336.73231904310836,388.05127658510924,176.12126673685466,224.77831110434394,69.10852396361592
2025-11-07,254.6205537685811,340.2042629727584,380.9601097499324,174.08785160999187,222.96992816937995,68.77948408438803
2025-11-10,249.93600744378492,334.3502191372834,373.3895612209418,167.24035125542505,220.4332353731368,69.80826943708712
2025-11-11,251.40569908196395,338.87870672121426,369.8383113741921,165.1002648922636,219.65941870828394,70.16855678616967
2025-11-12,251.9973803538749,337.4723405440545,372.7638450098287,168.0328911767229,218.65309984414768,69.0397993152022
2025-11-13,253.99606911563845,343.8578351006262,371.3495065021882,169.74117655252797,221.09531221128165,68.86612210566902
2025-11-14,254.84468713548387,340.92214617295446,364.5784397695444,170.76050846183813,222.2561013535056,68.76666581192613
2025-11-17,248.56534594213093,339.01897853579084,363.2482157062058,170.2088613969947,223.63798306095225,69.63939114467777
2025-11-18,252.89490261386453,342.19128455472253,368.02574072425114,173.42440400251638,223.43255543366604,70.2922173609741
2025-11-19,253.9332056948589,345.4071306793709,364.651253871123,168.1332443684838,224.65550793794685,70.43891489259838
2025-11-20,251.79120700609735,342.7492154528115,362.7047622516839,165.83081624621408,222.89808634232867,70.14650521788731
2025-11-21,251.97067226629153,347.01238183740435,362.545513906668,165.7180544224703,224.96754026284813,70.47905416300901
2025-11-24,253.15603950285498,354.81651401063573,369.5125510955123,168.1838032637087,224.3056633931309,69.9956939950772
2025-11-25,254.89219128942077,356.38116393252227,364.67752004491814,165.0665896212092,223.77098112468445,70.0606204823567
2025-11-26,262.7809497903402,358.93001182607173,363.30700398041904,162.79247872087527,225.22176205480523,69.39106970751114
2025-11-27,257.2211098392194,360.43349524838226,358.9524902735765,161.5277221262858,223.78284944497992,70.4298938690288
2025-11-28,253.89503483510123,354.808379912506,358.57628896927173,162.30669479701825,222.94435033202686,70.46488488100754
2025-12-01,260.8247518197508,361.7358137718067,355.6191871522347,162.8689990843352,221.38777120059544,70.45856715626095
2025-12-02,256.8228942988517,359.31380402729565,359.4835142145321,165.7505758365357,219.19845516238925,70.62344102895557
2025-12-03,261.01589890608483,358.97705656043286,359.12464703867045,166.07521138629477,218.8333816654727,70.00578146743837
2025-12-04,262.26969702990755,353.95393182955485,350.9525810352406,157.24074568140594,219.20666866697593,69.60505804847301
2025-12-05,259.0961803034445,348.59048654946304,353.0274126070444,156.50447023515125,220.1116760731527,69.72153236410537
2025-12-08,265.33287843297035,353.7416095252659,354.3954261575099,156.14544890961415,218.87911910577424,68.7294751473627
2025-12-09,267.4572856684806,351.4097937949292,356.60972988314643,160.13559590742094,217.68391925666884,68.91292862187844
2025-12-10,259.4939524355273,341.10740490744706,352.21439600584864,158.93036656540784,215.9187306891779,68.75693277205751
2025-12-11,256.72778445376866,337.1444195748745,345.02497688630604,158.96432012341555,216.7254154387036,68.21444755845138
2025-12-12,263.9353003349467,344.62019072149957,355.5293214652351,160.87466859564898,220.2751531017177,68.18984824702862
2025-12-15,263.5208992570325,349.1579046303344,357.38700748549405,162.4922540508736,220.27058215629344,67.85337967161774
2025-12-16,264.7848226670159,349.1476370771552,357.00051259392376,160.3736662070687,218.77707755805446,67.59073950936813
2025-12-17,272.5949866346281,346.1958269034875,356.163461368929,163.560638905089,220.85478595690006,67.6993878301664
2025-12-18,268.384989877114,338.57078165989725,353.8276009013507,160.54603023024507,218.74413182609007,68.88651564207625
2025-12-19,263.61201546871206,340.3872067270805,352.5518594304789,162.1658587020849,219.45359310233982,67.86092574656708
2025-12-22,260.537659105716,343.0448365239089,348.6487415648844,163.6798136742586,218.79545124389375,67.98520424043768
2025-12-23,268.26964076395774,353.70966092751195,359.002261619332,165.0285782567735,220.17541297267664,67.42315100570161
2025-12-24,269.4553530906797,349.1420606540499,363.94544612679084,166.3912142846626,219.15606462190647,68.2417570493435
2025-12-25,267.19993883665984,344.89749428381464,361.46299019589253,163.0841366175422,216.916934015293,68.66772752707118
2025-12-26,264.6024208659978,344.1557056445481,363.6276143882388,168.67678453832468,216.39470820441133,68.51771319093316
2025-12-29,264.4406197971989,343.6016623832776,362.0928952577638,164.15455083638705,216.73766550486158,69.30191584679956
2025-12-30,268.0023529388485,340.7167953391126,356.4779593389251,159.68219614209502,217.53027443308827,70.18545300920725
2025-12-31,266.5591972512433,335.8758233176662,357.55332221943985,157.27617677229398,218.06191194114183,70.60035017410883
